season,firstName,lastName,personId,gameType,GP,MIN,PTS,AST,BLK,STL,FGA,FGM,FG%,3PA,3PM,3P%,FTA,FTM,FT%,DREB,OREB,REB,PF,TO,+/-,ts
2016,Russell,Westbrook,201566,Regular Season,78,34.2,31.2,10.2,0.4,1.6,23.8,10.0,0.4,7.2,2.4,0.3,10.3,8.8,0.8,8.8,1.7,10.5,2.3,5.4,2.6,0.54
2016,Isaiah,Thomas,202738,Regular Season,71,33.4,29.1,5.9,0.2,0.9,19.5,9.1,0.5,8.5,3.3,0.4,8.5,7.7,0.9,2.2,0.6,2.7,2.2,2.8,3.7,0.62
2016,James,Harden,201935,Regular Season,75,35.6,29.0,11.2,0.5,1.5,18.9,8.4,0.4,9.3,3.3,0.3,10.6,9.0,0.8,6.9,1.2,8.1,2.7,5.7,5.5,0.61
2016,DeMar,DeRozan,201942,Regular Season,69,35.0,27.1,3.9,0.2,1.1,21.0,9.7,0.5,1.7,0.4,0.2,8.6,7.3,0.8,4.3,1.0,5.3,1.8,2.5,1.8,0.54
2016,Damian,Lillard,203081,Regular Season,68,35.8,26.6,5.9,0.3,0.9,19.5,8.7,0.4,7.6,2.8,0.3,7.2,6.5,0.8,4.2,0.6,4.8,1.9,2.6,1.4,0.58
2016,Anthony,Davis,203076,Regular Season,75,35.7,26.3,1.9,2.2,1.2,19.3,9.6,0.5,1.7,0.5,0.2,8.2,6.6,0.7,9.0,2.2,11.2,2.1,2.2,0.5,0.57
2016,Stephen,Curry,201939,Regular Season,76,33.0,25.0,6.7,0.2,1.7,18.1,8.4,0.5,9.9,4.1,0.4,4.5,4.0,0.8,3.7,0.8,4.4,2.2,2.9,12.3,0.62
2016,Kevin,Durant,201142,Regular Season,58,32.9,25.0,4.8,1.7,1.0,16.5,8.8,0.5,5.0,1.9,0.4,6.2,5.4,0.8,7.5,0.6,8.1,1.9,2.3,11.4,0.64
2016,LeBron,James,2544,Regular Season,72,37.5,24.8,8.2,0.6,1.1,17.1,9.4,0.5,4.4,1.6,0.3,6.7,4.5,0.6,6.8,1.2,8.0,1.7,3.8,5.4,0.61
2016,Karl-Anthony,Towns,1626157,Regular Season,72,36.3,24.3,2.7,1.2,0.7,17.8,9.5,0.5,3.4,1.2,0.4,4.8,4.0,0.8,8.6,3.7,12.3,3.0,2.5,-0.3,0.61
2016,DeMarcus,Cousins,202326,Regular Season,73,33.7,23.6,4.0,1.1,1.2,17.8,7.9,0.4,4.4,1.6,0.3,8.2,6.2,0.7,7.8,1.9,9.7,3.4,3.1,-0.5,0.54
2016,Kawhi,Leonard,202695,Regular Season,73,33.0,23.6,3.2,0.7,1.7,16.3,7.9,0.4,4.8,1.9,0.4,6.6,5.8,0.8,4.3,0.9,5.3,1.5,1.9,5.8,0.61
2016,Kyrie,Irving,202681,Regular Season,71,34.5,23.3,5.3,0.3,0.9,18.0,8.6,0.4,5.6,2.3,0.4,4.3,3.9,0.8,2.2,0.6,2.8,2.0,2.3,3.8,0.58
2016,Andrew,Wiggins,203952,Regular Season,72,36.7,23.0,2.2,0.4,1.0,18.9,8.4,0.4,3.6,1.2,0.3,6.4,4.9,0.7,2.8,1.2,4.0,2.2,2.3,-0.3,0.52
2016,Paul,George,202331,Regular Season,69,35.3,22.8,3.2,0.3,1.5,17.3,8.0,0.4,6.3,2.5,0.4,4.8,4.2,0.8,5.6,0.8,6.3,2.6,2.9,3.1,0.58
2016,Jimmy,Butler,202710,Regular Season,74,36.3,22.8,5.2,0.4,1.7,15.6,7.2,0.4,3.2,1.2,0.3,8.4,7.2,0.8,4.2,1.6,5.9,1.4,1.9,2.6,0.58
2016,CJ,McCollum,203468,Regular Season,73,34.9,22.6,3.5,0.5,0.8,17.8,8.5,0.5,5.4,2.3,0.4,3.6,3.3,0.8,2.9,0.7,3.6,2.5,2.0,1.0,0.58
2016,Giannis,Antetokounmpo,203507,Regular Season,73,34.9,22.6,5.3,1.7,1.6,15.6,8.1,0.5,2.2,0.6,0.2,7.4,5.8,0.8,6.8,1.8,8.6,2.9,2.8,-0.4,0.59
2016,John,Wall,202322,Regular Season,69,35.7,22.6,10.7,0.6,2.0,18.1,8.1,0.4,3.4,1.1,0.3,6.6,5.2,0.8,3.2,0.7,4.0,1.9,4.1,2.6,0.53
2016,Kemba,Walker,202689,Regular Season,77,33.8,22.3,5.4,0.2,1.0,17.4,7.8,0.4,7.3,2.9,0.4,4.3,3.7,0.7,3.3,0.5,3.8,1.5,2.1,2.5,0.57
2016,Kyle,Lowry,200768,Regular Season,59,37.1,22.2,6.9,0.3,1.4,15.2,7.0,0.5,7.7,3.2,0.4,6.1,5.0,0.8,3.9,0.8,4.8,2.8,2.9,5.4,0.61
2016,Carmelo,Anthony,2546,Regular Season,65,33.8,22.1,2.9,0.4,0.8,18.2,8.0,0.4,5.5,2.0,0.3,4.9,4.0,0.7,5.0,0.8,5.8,2.6,2.0,-2.8,0.54
2016,Klay,Thompson,202691,Regular Season,76,33.5,21.9,1.9,0.5,0.8,17.3,8.1,0.5,8.1,3.4,0.4,2.7,2.4,0.6,3.0,0.6,3.6,1.7,1.6,10.2,0.59
2016,Devin,Booker,1626164,Regular Season,73,34.8,21.9,3.4,0.3,0.9,18.2,7.7,0.4,5.1,1.9,0.3,5.6,4.7,0.8,2.6,0.6,3.2,3.0,3.1,-3.2,0.52
2016,Bradley,Beal,203078,Regular Season,70,34.5,21.9,3.3,0.2,1.0,16.5,7.9,0.5,7.0,2.7,0.4,4.0,3.3,0.7,2.2,0.7,2.9,2.2,2.0,4.0,0.6
2016,Gordon,Hayward,202330,Regular Season,70,33.9,21.2,3.3,0.3,1.0,15.1,7.2,0.4,4.9,2.0,0.4,5.7,4.8,0.8,4.5,0.6,5.0,1.6,1.8,4.2,0.6
2016,Blake,Griffin,201933,Regular Season,60,33.4,20.4,4.6,0.4,0.9,15.1,7.5,0.5,1.8,0.6,0.2,6.4,4.9,0.7,6.0,1.8,7.8,2.5,2.3,7.3,0.56
2016,Jabari,Parker,203953,Regular Season,46,33.4,20.1,2.8,0.4,0.9,16.1,7.8,0.5,3.5,1.3,0.3,4.1,3.1,0.7,4.5,1.6,6.1,2.2,1.8,-2.1,0.56
2016,Brook,Lopez,201572,Regular Season,72,29.5,19.2,2.2,1.4,0.5,14.8,6.9,0.4,4.8,1.7,0.3,4.6,3.7,0.7,3.5,1.6,5.1,2.3,2.3,-2.1,0.57
2016,Zach,LaVine,203897,Regular Season,44,36.7,18.9,3.0,0.2,0.8,15.0,7.0,0.4,6.6,2.6,0.4,2.8,2.3,0.6,3.0,0.4,3.3,2.3,1.8,-2.6,0.58
2016,Harrison,Barnes,203084,Regular Season,72,35.0,18.7,1.4,0.2,0.8,15.7,7.4,0.4,2.7,0.9,0.3,3.4,3.0,0.6,3.8,1.2,4.9,1.5,1.3,-2.2,0.54
2016,Goran,Dragic,201609,Regular Season,73,33.3,18.6,5.2,0.2,1.2,14.2,6.6,0.4,3.6,1.5,0.3,4.9,3.9,0.7,2.7,0.8,3.5,2.5,2.6,0.4,0.56
2016,Mike,Conley,201144,Regular Season,69,32.5,18.1,5.8,0.3,1.2,13.0,5.9,0.4,5.3,2.2,0.3,4.7,4.0,0.7,2.7,0.4,3.1,1.7,2.0,2.5,0.59
2016,Rudy,Gay,200752,Regular Season,29,33.9,17.7,2.5,0.7,1.3,13.8,6.3,0.4,3.5,1.3,0.4,4.3,3.7,0.8,4.8,1.0,5.8,2.3,2.3,2.7,0.56
2016,Derrick,Rose,201565,Regular Season,55,32.3,17.7,4.3,0.2,0.7,15.1,7.2,0.5,0.8,0.1,0.1,3.6,3.2,0.8,2.8,1.0,3.8,1.2,2.2,-2.5,0.53
2016,Dennis,Schroder,203471,Regular Season,74,31.0,17.5,6.2,0.2,0.9,14.9,6.8,0.4,3.7,1.3,0.3,3.1,2.6,0.7,2.5,0.5,3.0,1.9,3.2,-0.9,0.53
2016,Eric,Bledsoe,202339,Regular Season,75,32.7,17.5,5.2,0.4,1.1,12.9,5.7,0.4,3.9,1.3,0.3,5.8,4.9,0.7,3.3,0.7,3.9,2.1,2.7,-2.3,0.56
2016,Marc,Gasol,201188,Regular Season,74,33.5,17.3,4.1,1.2,0.9,13.9,6.4,0.4,3.2,1.2,0.3,4.0,3.4,0.7,4.9,0.7,5.5,2.0,1.9,0.8,0.55
2016,Paul,Millsap,200794,Regular Season,65,33.3,17.1,3.6,0.9,1.2,13.4,5.9,0.4,3.3,1.0,0.3,5.5,4.3,0.7,5.9,1.6,7.5,2.5,2.2,2.3,0.53
2016,Lou,Williams,101150,Regular Season,76,24.1,16.9,3.0,0.2,1.0,12.1,5.2,0.4,5.3,1.9,0.3,5.4,4.7,0.8,2.1,0.3,2.5,1.1,2.0,1.2,0.58
2016,Danilo,Gallinari,201568,Regular Season,62,33.3,16.9,1.9,0.2,0.6,11.1,4.9,0.4,4.8,1.8,0.4,5.8,5.2,0.8,4.2,0.6,4.8,1.4,1.1,1.4,0.61
2016,Kevin,Love,201567,Regular Season,63,31.0,16.8,1.7,0.3,0.8,12.7,5.5,0.4,5.6,2.1,0.3,4.3,3.8,0.7,7.5,2.2,9.7,1.9,1.8,4.5,0.57
2016,Kristaps,Porzingis,204001,Regular Season,59,31.9,16.7,1.4,1.9,0.6,14.0,6.2,0.4,4.4,1.5,0.3,3.6,2.8,0.6,5.1,1.7,6.8,3.5,1.7,-2.8,0.53
2016,Dwyane,Wade,2548,Regular Season,61,29.1,16.5,3.5,0.6,1.3,14.5,6.3,0.4,2.2,0.7,0.2,4.1,3.2,0.7,3.2,1.0,4.2,1.7,2.1,-1.3,0.5
2016,Nikola,Jokic,203999,Regular Season,66,27.2,16.3,4.9,0.6,0.8,11.4,6.6,0.6,1.9,0.6,0.2,3.0,2.5,0.6,6.8,2.8,9.6,2.9,2.2,4.2,0.64
2016,Avery,Bradley,202340,Regular Season,54,32.9,16.1,2.1,0.2,1.2,13.9,6.5,0.5,5.0,2.0,0.4,1.7,1.2,0.4,4.8,1.2,5.9,2.6,1.6,1.3,0.55
2016,LaMarcus,Aldridge,200746,Regular Season,69,31.6,16.1,1.9,1.1,0.6,13.5,6.4,0.4,0.7,0.3,0.2,3.7,3.0,0.6,4.6,2.2,6.8,2.2,1.3,3.5,0.53
2016,Tobias,Harris,202699,Regular Season,73,30.9,15.8,1.7,0.5,0.8,12.9,6.1,0.5,3.7,1.3,0.3,2.7,2.3,0.7,4.3,0.8,5.1,1.7,1.2,-0.1,0.56
2016,Hassan,Whiteside,202355,Regular Season,73,32.1,15.6,0.7,2.0,0.7,11.7,6.5,0.5,0.0,0.0,0.0,4.2,2.6,0.5,9.6,3.5,13.0,2.8,1.8,1.1,0.57
2016,Chris,Paul,101108,Regular Season,69,30.9,15.6,7.7,0.1,1.6,10.9,5.3,0.4,4.1,1.8,0.4,3.6,3.2,0.7,3.6,0.6,4.2,2.0,2.0,8.2,0.62
2016,D'Angelo,Russell,1626156,Regular Season,56,28.3,15.4,4.9,0.3,1.4,13.8,5.4,0.4,6.2,2.1,0.3,3.2,2.5,0.6,3.0,0.4,3.5,2.2,2.8,-6.5,0.5
2016,Jeff,Teague,201952,Regular Season,72,31.9,15.3,7.9,0.4,1.3,11.3,4.9,0.4,3.2,1.1,0.4,4.9,4.3,0.8,3.6,0.4,4.0,2.0,2.4,1.6,0.56
2016,Evan,Fournier,203095,Regular Season,71,32.5,15.3,2.7,0.1,0.9,12.2,5.3,0.4,4.7,1.7,0.3,3.6,3.0,0.7,2.2,0.6,2.8,2.4,1.9,-2.5,0.55
2016,Eric,Gordon,201569,Regular Season,75,30.7,15.2,2.3,0.5,0.6,12.4,5.1,0.4,8.1,3.1,0.3,2.2,1.9,0.5,2.1,0.4,2.5,1.9,1.5,4.7,0.57
2016,Victor,Oladipo,203506,Regular Season,67,32.7,15.0,2.5,0.3,1.1,13.0,5.8,0.4,4.9,1.8,0.3,2.2,1.7,0.5,3.5,0.5,4.0,2.2,1.7,2.6,0.53
2016,Wilson,Chandler,201163,Regular Season,67,30.4,15.0,1.9,0.4,0.7,12.5,5.8,0.4,4.4,1.5,0.3,2.6,1.9,0.5,4.7,1.4,6.1,2.3,1.6,-0.7,0.55
2016,Serge,Ibaka,201586,Regular Season,75,30.3,14.6,0.9,1.6,0.5,12.1,5.9,0.5,3.9,1.5,0.4,1.5,1.3,0.5,5.1,1.6,6.7,2.6,1.2,-1.4,0.57
2016,Reggie,Jackson,202704,Regular Season,44,27.1,14.6,5.0,0.1,0.7,13.2,5.5,0.4,3.5,1.3,0.4,2.6,2.3,0.7,1.8,0.3,2.1,2.6,2.2,-3.9,0.51
2016,Jordan,Clarkson,203903,Regular Season,73,29.1,14.5,2.6,0.1,1.1,13.1,5.8,0.4,4.4,1.5,0.3,1.9,1.5,0.5,2.4,0.6,3.0,1.8,2.0,-4.9,0.52
2016,Enes,Freedom,202683,Regular Season,68,20.9,14.4,0.9,0.5,0.4,10.3,5.6,0.5,0.5,0.1,0.0,4.0,3.1,0.7,4.0,2.7,6.6,2.1,1.7,0.8,0.59
2016,JJ,Redick,200755,Regular Season,77,27.9,14.3,1.4,0.2,0.7,10.9,4.8,0.4,5.8,2.5,0.4,2.5,2.2,0.6,2.0,0.1,2.1,1.5,1.2,6.3,0.59
2016,Nicolas,Batum,201587,Regular Season,77,33.7,14.3,5.8,0.4,1.1,12.0,4.8,0.4,5.0,1.7,0.3,3.6,3.0,0.7,5.4,0.5,5.9,1.4,2.4,1.0,0.52
2016,Al,Horford,201143,Regular Season,64,31.9,14.2,5.1,1.3,0.8,11.9,5.6,0.5,3.7,1.3,0.4,2.0,1.6,0.5,5.5,1.4,6.9,2.1,1.7,3.1,0.55
2016,Myles,Turner,1626167,Regular Season,72,31.1,14.2,1.4,2.1,1.0,10.6,5.4,0.5,1.4,0.5,0.2,3.7,3.0,0.7,5.5,1.8,7.3,3.2,1.3,2.7,0.57
2016,Khris,Middleton,203114,Regular Season,27,29.4,14.1,3.6,0.3,1.4,11.2,5.0,0.4,3.4,1.4,0.4,3.1,2.7,0.7,3.7,0.4,4.1,2.8,2.0,2.6,0.56
2016,Tim,Hardaway Jr.,203501,Regular Season,74,26.9,14.1,2.3,0.2,0.7,11.5,5.1,0.4,5.2,1.8,0.3,2.7,2.1,0.5,2.3,0.4,2.8,1.3,1.3,1.8,0.55
2016,T.J.,Warren,203933,Regular Season,63,30.6,14.0,1.0,0.6,1.1,12.0,5.9,0.5,1.4,0.4,0.2,2.3,1.8,0.4,3.0,1.8,4.8,2.6,0.8,-4.5,0.53
2016,Jae,Crowder,203109,Regular Season,69,32.0,14.0,2.2,0.3,1.0,10.0,4.7,0.5,5.5,2.2,0.4,3.0,2.4,0.6,5.2,0.7,5.9,2.2,1.1,5.0,0.61
2016,Nikola,Vucevic,202696,Regular Season,73,28.3,13.9,2.5,0.9,1.0,13.1,6.2,0.4,1.0,0.3,0.2,2.0,1.3,0.4,7.6,2.2,9.8,2.3,1.4,-1.7,0.49
2016,Rudy,Gobert,203497,Regular Season,76,33.3,13.9,1.2,2.6,0.6,7.7,5.1,0.7,0.0,0.0,0.0,5.7,3.7,0.6,8.7,3.9,12.5,2.9,1.9,4.9,0.67
2016,Jordan,Crawford,202348,Regular Season,17,23.0,13.8,2.9,0.1,0.5,11.3,5.4,0.5,4.9,1.9,0.4,1.5,1.2,0.5,1.5,0.2,1.7,1.6,1.2,1.8,0.57
2016,Jeremy,Lin,202391,Regular Season,36,24.0,13.8,4.8,0.4,1.1,10.6,4.6,0.4,4.2,1.6,0.4,3.8,3.1,0.7,3.2,0.3,3.6,2.1,2.1,-1.9,0.56
2016,Andre,Drummond,203083,Regular Season,72,29.5,13.8,1.1,1.1,1.5,11.2,6.0,0.5,0.1,0.0,0.0,4.6,1.8,0.3,9.5,4.3,13.8,2.9,1.8,-2.8,0.52
2016,Markieff,Morris,202693,Regular Season,70,30.9,13.7,1.5,0.6,1.1,11.5,5.2,0.5,2.6,1.0,0.3,2.8,2.3,0.6,4.9,1.4,6.3,3.2,1.7,2.5,0.53
2016,Marcus,Morris Sr.,202694,Regular Season,73,31.8,13.5,1.9,0.3,0.6,12.2,5.1,0.4,4.3,1.4,0.3,2.4,1.9,0.5,3.4,0.9,4.3,2.0,1.1,-0.9,0.51
2016,Gary,Harris,203914,Regular Season,54,30.7,13.5,2.7,0.1,1.1,10.2,5.0,0.4,4.2,1.7,0.4,2.1,1.7,0.5,2.1,0.8,2.9,1.4,1.2,1.0,0.6
2016,Bojan,Bogdanovic,202711,Regular Season,73,25.0,13.5,1.3,0.1,0.4,10.1,4.6,0.4,4.8,1.8,0.3,2.8,2.5,0.6,3.0,0.4,3.5,1.7,1.6,-3.6,0.59
2016,Kentavious,Caldwell-Pope,203484,Regular Season,69,33.1,13.4,2.5,0.2,1.2,11.9,4.8,0.4,5.5,2.0,0.3,2.3,1.9,0.5,2.4,0.7,3.1,1.5,1.2,-1.7,0.52
2016,Sean,Kilpatrick,203930,Regular Season,63,24.8,13.2,2.2,0.1,0.7,10.7,4.4,0.4,4.5,1.5,0.3,3.3,2.8,0.7,3.7,0.3,4.1,1.7,1.9,-3.0,0.54
2016,Dwight,Howard,2730,Regular Season,72,29.4,13.0,1.3,1.2,0.8,7.8,5.0,0.6,0.0,0.0,0.0,5.7,3.0,0.5,8.3,3.8,12.1,2.6,2.1,-1.6,0.62
2016,Otto,Porter Jr.,203490,Regular Season,70,31.6,13.0,1.6,0.5,1.4,9.9,5.1,0.5,4.2,1.8,0.4,1.3,1.1,0.4,5.0,1.5,6.5,2.4,0.5,1.8,0.62
2016,Dario,Saric,203967,Regular Season,73,26.1,12.9,2.2,0.4,0.7,11.4,4.7,0.4,4.1,1.3,0.3,2.7,2.2,0.6,5.0,1.3,6.3,2.0,2.3,-3.5,0.51
2016,Ryan,Anderson,201583,Regular Season,71,29.0,12.9,0.8,0.2,0.4,10.1,4.2,0.4,6.6,2.7,0.4,2.0,1.7,0.5,3.0,1.5,4.5,1.8,0.7,5.4,0.58
2016,Zach,Randolph,2216,Regular Season,72,23.9,12.8,1.5,0.1,0.4,12.0,5.4,0.4,1.2,0.3,0.2,2.3,1.7,0.5,5.2,2.3,7.5,1.7,1.3,1.1,0.49
2016,Dirk,Nowitzki,1717,Regular Season,53,26.1,12.8,1.3,0.7,0.5,11.3,4.9,0.4,3.5,1.3,0.3,1.9,1.7,0.5,5.5,0.4,5.9,1.9,0.9,-0.6,0.52
2016,Elfrid,Payton,203901,Regular Season,76,29.0,12.7,6.4,0.5,1.1,11.1,5.2,0.5,1.8,0.5,0.2,2.5,1.8,0.5,3.7,1.1,4.8,2.1,2.2,-1.9,0.52
2016,DeAndre,Jordan,201599,Regular Season,77,31.2,12.6,1.2,1.7,0.6,7.1,5.1,0.7,0.0,0.0,0.0,5.2,2.5,0.4,10.1,3.7,13.7,2.6,1.4,5.9,0.66
2016,Will,Barton,203115,Regular Season,59,27.7,12.6,3.1,0.4,0.7,10.2,4.6,0.4,3.6,1.4,0.3,2.9,2.2,0.5,3.1,0.8,3.9,1.6,1.6,-0.9,0.54
2016,Ersan,Ilyasova,101141,Regular Season,76,25.5,12.6,1.7,0.3,0.7,10.6,4.5,0.4,4.7,1.6,0.3,2.5,1.9,0.6,4.4,1.4,5.8,2.5,1.4,-0.5,0.53
2016,Aaron,Gordon,203932,Regular Season,76,28.1,12.4,1.8,0.5,0.8,10.6,4.7,0.4,3.2,0.9,0.3,2.7,2.0,0.5,3.6,1.4,4.9,2.2,1.1,-2.2,0.52
2016,Julius,Randle,203944,Regular Season,71,28.3,12.4,3.3,0.5,0.6,9.6,4.8,0.4,0.7,0.2,0.1,3.5,2.6,0.5,6.0,1.9,7.8,3.1,2.1,-5.9,0.55
2016,Jamal,Crawford,2037,Regular Season,78,25.6,12.3,2.6,0.2,0.8,10.6,4.4,0.4,3.9,1.4,0.3,2.5,2.1,0.6,1.4,0.2,1.6,1.4,1.6,-0.1,0.52
2016,James,Johnson,201949,Regular Season,73,27.3,12.3,3.5,1.1,0.9,9.8,4.6,0.4,3.2,1.1,0.3,2.7,1.9,0.5,3.8,0.8,4.7,2.4,2.1,1.5,0.55
2016,Seth,Curry,203552,Regular Season,65,28.5,12.2,2.5,0.1,1.1,9.6,4.6,0.5,4.3,1.9,0.4,1.4,1.2,0.5,2.0,0.3,2.4,1.8,1.3,-0.9,0.59
2016,Tyler,Johnson,204020,Regular Season,73,29.1,12.2,2.8,0.6,1.0,10.1,4.4,0.4,3.1,1.2,0.3,3.0,2.4,0.6,3.0,0.6,3.6,2.2,1.1,-0.2,0.53
2016,Wesley,Matthews,202083,Regular Season,70,33.8,12.2,2.6,0.2,1.0,10.5,4.1,0.3,5.9,2.1,0.3,2.3,1.9,0.5,3.0,0.3,3.3,2.1,1.3,-2.6,0.53
2016,Jrue,Holiday,201950,Regular Season,77,32.1,12.2,5.8,0.6,1.1,10.8,4.8,0.3,3.5,1.2,0.3,2.0,1.4,0.4,2.6,0.5,3.1,1.6,2.2,0.2,0.52
2016,Clint,Capela,203991,Regular Season,63,23.4,12.0,1.0,1.2,0.5,8.2,5.3,0.6,0.0,0.0,0.0,2.6,1.3,0.4,5.2,2.6,7.8,2.7,1.3,3.1,0.64
2016,Pau,Gasol,2200,Regular Season,59,24.7,11.9,2.3,1.1,0.3,9.0,4.5,0.5,1.5,0.8,0.4,2.8,2.0,0.5,5.9,1.7,7.6,1.6,1.1,3.3,0.58
2016,George,Hill,201588,Regular Season,64,30.7,11.8,2.9,0.2,0.7,8.7,4.1,0.3,3.3,1.3,0.3,2.8,2.3,0.5,2.0,0.3,2.3,1.6,1.2,4.0,0.59
2016,Jonas,Valanciunas,202685,Regular Season,77,25.3,11.7,0.7,0.7,0.5,8.6,4.8,0.6,0.0,0.0,0.0,2.7,2.2,0.6,6.4,2.8,9.2,2.6,1.3,0.9,0.59
2016,Trevor,Ariza,2772,Regular Season,75,34.0,11.7,2.1,0.2,1.8,9.8,4.1,0.4,6.8,2.4,0.3,1.6,1.2,0.4,4.9,0.7,5.6,1.7,0.9,4.7,0.55
2016,Greg,Monroe,202328,Regular Season,73,22.1,11.5,2.2,0.5,1.1,9.0,4.8,0.5,0.0,0.0,0.0,2.8,2.0,0.6,4.4,2.1,6.5,2.0,1.7,1.5,0.56
2016,Thaddeus,Young,201152,Regular Season,64,30.0,11.4,1.6,0.4,1.4,9.5,5.0,0.5,1.6,0.6,0.2,1.2,0.7,0.3,4.5,1.8,6.3,1.8,1.2,1.8,0.57
2016,Austin,Rivers,203085,Regular Season,74,27.2,11.3,2.6,0.1,0.6,9.3,4.1,0.4,3.8,1.4,0.3,2.5,1.7,0.5,1.8,0.3,2.1,2.4,1.5,-0.3,0.54
2016,Kent,Bazemore,203145,Regular Season,67,26.6,11.2,2.4,0.7,1.2,9.8,4.1,0.4,3.7,1.3,0.3,2.3,1.7,0.5,2.5,0.6,3.1,2.2,1.7,-1.4,0.51
2016,Ricky,Rubio,201937,Regular Season,68,32.6,11.1,9.1,0.1,1.6,8.5,3.4,0.4,2.6,0.8,0.3,3.9,3.4,0.8,3.2,0.9,4.1,2.6,2.5,0.2,0.54
2016,Dion,Waiters,203079,Regular Season,55,29.8,11.1,3.2,0.3,0.6,10.1,4.3,0.3,3.3,1.2,0.2,2.1,1.4,0.4,2.3,0.3,2.5,1.4,1.6,0.9,0.5
2016,Marvin,Williams,101107,Regular Season,72,29.5,11.0,1.4,0.7,0.8,9.3,3.9,0.4,4.7,1.6,0.3,1.9,1.6,0.6,5.4,1.2,6.5,1.8,0.8,-0.2,0.54
2016,Darren,Collison,201954,Regular Season,68,29.7,11.0,3.9,0.1,0.8,8.8,4.1,0.4,2.1,0.9,0.3,2.1,1.8,0.5,1.6,0.3,1.9,1.5,1.4,-1.8,0.56
2016,Steven,Adams,203500,Regular Season,78,29.3,10.9,1.0,0.9,1.1,7.8,4.5,0.6,0.0,0.0,0.0,3.1,1.9,0.5,4.0,3.4,7.5,2.4,1.8,1.7,0.59
2016,Marcin,Gortat,101162,Regular Season,72,30.2,10.9,1.5,0.7,0.5,8.2,4.9,0.6,0.0,0.0,0.0,1.9,1.2,0.3,7.3,3.0,10.3,2.6,1.5,2.3,0.6
2016,CJ,Miles,101139,Regular Season,67,23.0,10.8,0.6,0.3,0.6,8.4,3.7,0.4,5.3,2.1,0.4,1.3,1.2,0.5,2.6,0.4,3.0,2.0,0.6,1.2,0.6
2016,Alex,Poythress,1627816,Regular Season,5,25.2,10.8,0.4,0.4,0.4,8.8,4.2,0.4,3.4,1.0,0.1,1.4,1.4,0.6,3.2,1.2,4.4,2.0,0.6,-6.2,0.57
2016,Rodney,Hood,203918,Regular Season,61,26.3,10.8,1.5,0.1,0.6,10.0,3.9,0.3,4.6,1.6,0.3,1.7,1.3,0.4,2.8,0.2,3.0,2.0,1.0,1.3,0.5
2016,Frank,Kaminsky,1626163,Regular Season,75,25.4,10.8,2.0,0.4,0.6,9.9,4.0,0.4,4.3,1.4,0.3,1.9,1.4,0.5,3.5,0.7,4.3,1.7,0.9,0.3,0.5
2016,Mason,Plumlee,203486,Regular Season,73,25.9,10.7,3.5,1.1,0.8,7.7,4.3,0.6,0.1,0.0,0.0,3.6,2.1,0.5,5.4,2.1,7.5,2.9,1.6,0.8,0.57
2016,Taj,Gibson,201959,Regular Season,74,25.1,10.7,0.9,0.9,0.5,8.9,4.6,0.5,0.2,0.1,0.1,2.0,1.5,0.5,4.2,2.1,6.3,2.1,1.3,-0.2,0.54
2016,Buddy,Hield,1627741,Regular Season,76,22.5,10.6,1.5,0.1,0.5,9.4,4.0,0.4,4.7,1.8,0.4,1.0,0.8,0.3,2.9,0.4,3.3,1.4,1.2,-2.6,0.54
2016,Allen,Crabbe,203459,Regular Season,73,28.3,10.6,1.1,0.2,0.7,8.1,3.8,0.4,3.8,1.7,0.4,1.5,1.3,0.5,2.5,0.2,2.7,2.1,0.8,-1.2,0.6
2016,Courtney,Lee,201584,Regular Season,66,32.1,10.5,2.3,0.3,1.0,8.8,4.0,0.4,3.4,1.4,0.4,1.2,1.0,0.4,2.6,0.7,3.3,1.9,0.9,-2.9,0.56
2016,Marcus,Smart,203935,Regular Season,74,29.8,10.4,4.6,0.4,1.6,9.5,3.3,0.3,4.2,1.2,0.3,3.2,2.6,0.7,2.9,1.0,3.8,2.4,2.0,1.5,0.47
2016,Terrence,Ross,203082,Regular Season,75,24.7,10.4,1.1,0.4,1.0,9.2,4.0,0.4,4.9,1.7,0.3,0.9,0.8,0.3,2.3,0.2,2.5,1.7,0.9,1.6,0.54
2016,Robert,Covington,203496,Regular Season,73,30.8,10.3,1.2,0.8,1.6,9.0,3.5,0.3,4.9,1.6,0.3,2.1,1.7,0.5,4.2,1.1,5.3,2.4,1.6,-2.7,0.52
2016,Joel,Embiid,203954,Regular Season,52,24.8,10.2,1.1,1.1,0.4,7.1,3.3,0.2,1.6,0.6,0.2,3.7,2.9,0.4,2.7,1.0,3.7,1.8,1.8,0.6,0.58
2016,Gorgui,Dieng,203476,Regular Season,72,32.2,10.1,1.9,1.2,1.0,8.3,4.2,0.5,0.5,0.2,0.1,1.9,1.5,0.6,5.8,2.4,8.1,3.1,1.3,0.8,0.55
2016,Robin,Lopez,201577,Regular Season,76,27.4,10.1,1.0,1.4,0.2,9.4,4.6,0.5,0.0,0.0,0.0,1.3,0.9,0.4,3.3,2.9,6.2,1.8,1.1,0.8,0.5
2016,Nick,Young,201156,Regular Season,73,25.8,10.0,0.7,0.2,0.5,8.0,3.5,0.3,5.3,2.2,0.3,1.1,0.9,0.4,1.4,0.3,1.7,1.7,0.4,-2.8,0.59
2016,Marco,Belinelli,201158,Regular Season,73,23.5,10.0,1.9,0.1,0.6,7.9,3.4,0.4,3.7,1.3,0.3,2.1,1.9,0.6,2.1,0.2,2.2,1.2,0.8,0.6,0.56
2016,Jamal,Murray,1627750,Regular Season,74,21.5,9.9,2.2,0.3,0.6,9.0,3.6,0.4,4.2,1.4,0.3,1.5,1.3,0.5,2.2,0.5,2.7,1.5,1.4,1.2,0.51
2016,Cody,Zeller,203469,Regular Season,60,27.2,9.9,1.5,0.9,0.9,6.8,4.0,0.6,0.0,0.0,0.0,2.9,2.0,0.5,4.2,2.0,6.2,2.8,1.0,3.4,0.61
2016,Maurice,Harkless,203090,Regular Season,73,28.7,9.8,1.1,0.8,1.1,7.7,4.0,0.5,2.5,0.9,0.3,1.6,1.0,0.3,2.7,1.6,4.3,2.7,1.1,0.2,0.58
2016,Draymond,Green,203110,Regular Season,76,32.2,9.8,6.6,1.3,1.9,8.3,3.4,0.4,3.4,1.0,0.2,2.7,1.9,0.5,6.2,1.3,7.5,2.7,2.2,10.2,0.51
2016,Wayne,Ellington,201961,Regular Season,60,23.7,9.6,1.0,0.1,0.5,8.3,3.4,0.4,5.9,2.2,0.3,0.7,0.6,0.3,1.6,0.2,1.9,1.0,0.4,0.8,0.56
2016,Ish,Smith,202397,Regular Season,73,24.1,9.5,5.1,0.4,0.8,9.2,4.1,0.4,1.2,0.3,0.2,1.3,0.9,0.4,2.6,0.3,2.9,1.6,1.3,0.7,0.48
2016,Nikola,Mirotic,202703,Regular Season,72,23.5,9.5,1.0,0.8,0.7,8.0,3.3,0.3,4.8,1.7,0.3,1.6,1.2,0.4,4.1,0.8,4.8,1.6,1.0,2.8,0.54
2016,Shabazz,Muhammad,203498,Regular Season,68,18.6,9.4,0.4,0.1,0.3,7.4,3.5,0.5,1.8,0.6,0.2,2.4,1.8,0.5,1.7,1.0,2.7,1.1,0.7,-1.1,0.55
2016,Malcolm,Brogdon,1627763,Regular Season,73,26.0,9.4,3.8,0.1,1.0,7.8,3.5,0.4,2.4,1.0,0.3,1.6,1.4,0.5,2.1,0.6,2.6,1.8,1.4,0.8,0.55
2016,Jon,Leuer,202720,Regular Season,72,24.7,9.4,1.4,0.3,0.4,8.0,3.8,0.4,2.2,0.7,0.2,1.3,1.1,0.5,3.7,1.3,5.0,1.8,0.8,-0.8,0.55
2016,Nik,Stauskas,203917,Regular Season,73,26.6,9.4,2.2,0.4,0.5,7.7,3.1,0.4,4.4,1.7,0.4,1.9,1.5,0.5,2.4,0.3,2.7,1.7,1.6,-2.4,0.55
2016,Kenneth,Faried,202702,Regular Season,60,21.1,9.3,0.9,0.6,0.7,6.6,3.6,0.5,0.1,0.0,0.0,2.9,2.0,0.5,4.3,2.9,7.2,1.9,0.9,-0.9,0.58
2016,J.J.,Barea,200826,Regular Season,38,21.5,9.3,4.9,0.0,0.3,8.4,3.4,0.3,3.7,1.3,0.3,1.3,1.2,0.4,1.9,0.2,2.1,0.8,1.7,0.8,0.52
2016,Jusuf,Nurkic,203994,Regular Season,68,21.3,9.2,1.7,1.1,0.7,7.3,3.7,0.5,0.0,0.0,0.0,3.0,1.7,0.4,4.3,2.2,6.4,2.2,2.0,-1.4,0.53
2016,Derrick,Favors,202324,Regular Season,50,23.6,9.2,1.1,0.8,0.9,8.2,3.9,0.4,0.2,0.1,0.0,2.1,1.3,0.4,4.2,1.8,6.0,2.1,1.2,1.3,0.5
2016,Jeff,Green,201145,Regular Season,66,21.8,9.1,1.1,0.2,0.5,8.1,3.2,0.4,2.8,0.8,0.2,2.3,2.0,0.6,2.5,0.6,3.1,1.5,1.1,-4.4,0.49
2016,Brandon,Ingram,1627742,Regular Season,70,28.2,9.1,2.0,0.4,0.6,8.5,3.4,0.4,2.4,0.7,0.2,2.5,1.6,0.5,3.3,0.7,4.0,2.0,1.5,-4.7,0.47
2016,Kyle,Korver,2594,Regular Season,63,25.5,9.1,1.4,0.3,0.4,6.8,3.2,0.4,4.8,2.2,0.4,0.6,0.6,0.3,2.3,0.1,2.3,1.5,1.0,-2.0,0.64
2016,Michael,Kidd-Gilchrist,203077,Regular Season,76,28.2,9.1,1.4,0.9,1.0,7.6,3.7,0.5,0.1,0.0,0.0,2.3,1.8,0.5,4.9,2.0,6.9,2.3,0.7,-0.3,0.52
2016,Yogi,Ferrell,1627812,Regular Season,42,25.4,9.1,3.5,0.2,0.9,8.0,3.1,0.4,3.7,1.4,0.3,1.9,1.5,0.5,1.8,0.4,2.2,1.8,1.4,-2.4,0.51
2016,Trevor,Booker,202344,Regular Season,73,24.3,9.1,1.8,0.4,0.9,7.5,3.9,0.5,1.0,0.3,0.2,1.3,0.9,0.4,5.5,1.8,7.3,1.9,1.7,-4.5,0.56
2016,Dahntay,Jones,2563,Regular Season,1,12.0,9.0,1.0,0.0,0.0,8.0,3.0,0.4,2.0,0.0,0.0,4.0,3.0,0.8,1.0,1.0,2.0,1.0,1.0,2.0,0.45
2016,Joe,Johnson,2207,Regular Season,75,22.8,9.0,1.8,0.2,0.5,7.7,3.4,0.4,3.2,1.3,0.3,1.0,0.8,0.4,2.5,0.4,2.9,1.2,0.9,1.3,0.55
2016,Patty,Mills,201988,Regular Season,74,21.6,9.0,3.4,0.0,0.8,7.5,3.2,0.4,4.3,1.7,0.4,1.0,0.8,0.3,1.5,0.3,1.7,1.4,1.2,5.0,0.56
2016,Deron,Williams,101114,Regular Season,65,25.5,9.0,4.6,0.1,0.4,7.7,3.4,0.4,3.1,1.1,0.3,1.4,1.1,0.4,1.8,0.2,2.0,1.8,1.7,-1.4,0.54
2016,E'Twaun,Moore,202734,Regular Season,77,24.5,8.9,2.1,0.4,0.6,7.8,3.6,0.4,2.6,1.0,0.3,0.9,0.7,0.3,1.5,0.4,1.9,1.7,0.8,-1.4,0.54
2016,Cory,Joseph,202709,Regular Season,77,24.5,8.9,3.0,0.1,0.8,8.0,3.6,0.4,1.6,0.6,0.3,1.5,1.2,0.4,2.2,0.6,2.8,1.7,1.2,0.8,0.51
2016,Doug,McDermott,203926,Regular Season,64,22.5,8.9,0.8,0.1,0.2,7.5,3.4,0.4,3.1,1.2,0.3,1.2,1.0,0.4,2.4,0.3,2.7,1.2,0.5,-0.3,0.55
2016,Patrick,Beverley,201976,Regular Season,65,30.2,8.9,4.0,0.4,1.4,7.7,3.2,0.4,4.0,1.5,0.3,1.4,1.1,0.4,4.2,1.4,5.5,3.1,1.5,5.7,0.53
2016,Tony,Parker,2225,Regular Season,65,24.5,8.8,3.7,0.0,0.5,7.8,3.7,0.4,0.9,0.3,0.2,1.6,1.2,0.4,1.4,0.1,1.5,1.3,1.2,2.4,0.51
2016,Evan,Turner,202323,Regular Season,59,25.2,8.8,3.1,0.4,0.8,8.5,3.6,0.4,1.9,0.5,0.2,1.5,1.2,0.4,3.2,0.5,3.7,1.9,1.5,-2.1,0.48
2016,Kelly,Olynyk,203482,Regular Season,72,19.9,8.8,1.9,0.4,0.6,6.6,3.4,0.5,2.5,0.9,0.3,1.6,1.2,0.4,3.7,0.9,4.7,2.6,1.3,0.1,0.6
2016,Channing,Frye,101112,Regular Season,67,18.5,8.8,0.6,0.5,0.4,6.8,3.1,0.4,4.5,1.8,0.4,0.9,0.8,0.3,3.4,0.5,3.9,1.7,0.6,2.0,0.61
2016,Marquese,Chriss,1627737,Regular Season,76,20.8,8.8,0.7,0.8,0.8,7.7,3.3,0.4,2.7,0.8,0.3,2.1,1.3,0.4,3.1,1.2,4.2,3.2,1.4,-4.4,0.51
2016,Terrence,Jones,203093,Regular Season,66,23.0,8.7,0.9,0.8,0.6,7.3,3.4,0.3,1.1,0.3,0.1,2.5,1.5,0.4,3.6,0.9,4.5,1.0,0.7,-0.7,0.51
2016,Tony,Snell,203503,Regular Season,72,28.7,8.7,1.2,0.2,0.7,6.9,3.2,0.4,4.5,1.8,0.4,0.7,0.5,0.2,2.9,0.3,3.2,1.4,0.7,-2.2,0.6
2016,Marreese,Speights,201578,Regular Season,78,15.3,8.7,0.8,0.5,0.3,6.7,3.0,0.4,3.4,1.3,0.4,1.7,1.5,0.5,3.4,1.1,4.5,2.9,0.8,-0.5,0.58
2016,Jameer,Nelson,2749,Regular Season,70,26.6,8.7,4.9,0.1,0.7,7.6,3.4,0.4,3.5,1.4,0.3,0.8,0.6,0.2,2.0,0.3,2.4,2.4,1.6,2.3,0.55
2016,JaMychal,Green,203210,Regular Season,74,26.8,8.6,1.0,0.4,0.6,6.1,3.1,0.5,1.8,0.7,0.3,2.1,1.7,0.5,4.5,2.1,6.5,3.1,1.2,-0.3,0.61
2016,Michael,Beasley,201563,Regular Season,53,16.1,8.6,0.9,0.5,0.4,6.7,3.6,0.5,0.7,0.3,0.3,1.6,1.2,0.4,2.5,0.6,3.2,1.5,1.1,-0.1,0.58
2016,Monta,Ellis,101145,Regular Season,66,26.7,8.5,3.2,0.4,1.1,7.6,3.4,0.4,1.9,0.7,0.3,1.5,1.1,0.4,2.5,0.2,2.8,2.0,1.8,-1.0,0.51
2016,Jeremy,Lamb,203087,Regular Season,68,17.8,8.4,1.0,0.3,0.4,6.8,3.1,0.4,2.0,0.6,0.2,1.8,1.6,0.5,3.1,0.4,3.5,1.3,0.6,-0.7,0.55
2016,Tony,Allen,2754,Regular Season,70,26.7,8.3,1.3,0.4,1.5,7.7,3.5,0.4,0.7,0.2,0.1,1.7,1.1,0.3,2.9,2.2,5.1,2.4,1.4,-0.1,0.49
2016,Rondae,Hollis-Jefferson,1626178,Regular Season,74,22.1,8.2,1.9,0.6,1.0,6.8,2.9,0.4,0.8,0.2,0.1,3.0,2.3,0.6,4.3,1.2,5.5,2.2,1.4,-4.3,0.5
2016,Nerlens,Noel,203457,Regular Season,49,19.9,8.1,0.8,0.9,1.1,5.7,3.4,0.6,0.0,0.0,0.0,1.9,1.3,0.5,3.5,1.7,5.2,2.3,0.9,-1.4,0.61
2016,Gerald,Henderson,201945,Regular Season,73,22.5,8.1,1.3,0.2,0.5,6.8,2.9,0.4,2.2,0.7,0.3,2.0,1.6,0.4,1.8,0.4,2.3,1.6,0.8,-3.6,0.52
2016,Al-Farouq,Aminu,202329,Regular Season,57,28.8,8.1,1.6,0.7,0.9,7.0,2.7,0.4,3.3,1.2,0.3,2.1,1.4,0.5,5.7,1.2,6.9,1.6,1.4,0.5,0.51
2016,Tyreke,Evans,201936,Regular Season,48,19.4,8.1,2.5,0.2,0.6,7.1,3.0,0.3,2.2,0.9,0.2,1.7,1.3,0.4,2.5,0.2,2.6,1.1,1.2,-2.4,0.51
2016,Jodie,Meeks,201975,Regular Season,34,19.7,8.1,1.2,0.1,0.9,6.6,2.5,0.3,3.6,1.4,0.3,2.0,1.8,0.6,1.9,0.1,2.0,1.1,0.9,-2.8,0.54
2016,Ty,Lawson,201951,Regular Season,72,24.6,8.0,4.0,0.1,0.9,6.3,2.8,0.3,1.4,0.4,0.2,2.6,2.1,0.5,1.5,0.5,2.1,1.4,1.5,-2.2,0.53
2016,Emmanuel,Mudiay,1626144,Regular Season,67,24.7,7.9,2.9,0.2,0.6,7.5,2.7,0.3,2.4,0.7,0.2,2.2,1.7,0.4,2.0,0.4,2.4,1.3,1.7,-3.0,0.46
2016,DeMarre,Carroll,201960,Regular Season,77,25.8,7.9,0.9,0.3,1.0,6.8,2.7,0.3,3.9,1.4,0.3,1.4,1.1,0.4,2.7,0.8,3.5,1.8,0.7,1.3,0.53
2016,Tristan,Thompson,202684,Regular Season,69,29.4,7.8,1.0,1.1,0.5,5.5,3.3,0.6,0.0,0.0,0.0,2.5,1.2,0.3,5.6,3.6,9.2,2.3,0.8,1.7,0.58
2016,D.J.,Augustin,201571,Regular Season,76,19.4,7.7,2.6,0.0,0.4,6.4,2.4,0.3,3.4,1.2,0.3,2.0,1.7,0.5,1.2,0.2,1.4,1.2,1.1,-5.3,0.52
2016,Joe,Harris,203925,Regular Season,49,21.4,7.7,1.0,0.1,0.6,6.5,2.7,0.4,4.0,1.6,0.3,1.0,0.7,0.2,2.3,0.3,2.6,2.2,1.0,-4.8,0.55
2016,Justin,Holiday,203200,Regular Season,69,19.4,7.6,1.2,0.4,0.8,6.7,2.8,0.4,3.4,1.2,0.3,1.0,0.8,0.3,2.3,0.4,2.7,1.3,0.8,-1.4,0.53
2016,Brandon,Knight,202688,Regular Season,75,20.9,7.5,1.6,0.1,0.3,6.6,2.6,0.3,1.7,0.5,0.2,2.0,1.7,0.4,1.2,0.3,1.5,1.1,1.1,-4.0,0.5
2016,Norman,Powell,1626181,Regular Season,77,17.4,7.4,1.0,0.2,0.6,6.0,2.7,0.4,2.0,0.6,0.2,1.8,1.4,0.4,1.7,0.3,2.0,1.5,0.8,1.0,0.54
2016,Andre,Iguodala,2738,Regular Season,74,25.8,7.4,3.3,0.5,1.0,5.3,2.8,0.5,2.3,0.8,0.3,1.3,0.9,0.3,3.2,0.7,3.9,1.2,0.7,6.3,0.63
2016,Alex,Len,203458,Regular Season,75,19.3,7.4,0.5,1.1,0.5,5.6,2.7,0.5,0.1,0.0,0.0,2.6,1.9,0.6,4.3,1.9,6.2,2.9,1.3,-5.1,0.54
2016,Jahlil,Okafor,1626143,Regular Season,73,22.4,7.4,0.7,0.6,0.2,5.9,3.1,0.3,0.0,0.0,0.0,2.0,1.3,0.3,2.1,1.0,3.0,1.5,1.1,-4.2,0.54
2016,Danny,Green,201980,Regular Season,60,26.3,7.4,1.9,0.9,1.0,6.6,2.6,0.4,4.5,1.8,0.4,0.5,0.4,0.2,3.0,0.5,3.4,1.7,1.2,4.2,0.54
2016,Richaun,Holmes,1626158,Regular Season,71,20.4,7.3,0.7,0.7,0.6,5.5,3.0,0.4,1.0,0.4,0.2,1.3,0.9,0.3,2.8,1.3,4.1,1.8,0.7,-2.8,0.6
2016,JR,Smith,2747,Regular Season,47,28.5,7.3,1.3,0.2,0.9,7.2,2.5,0.3,5.6,2.0,0.3,0.2,0.2,0.1,1.9,0.4,2.3,1.6,0.6,1.9,0.5
2016,Langston,Galloway,204038,Regular Season,76,19.5,7.3,1.2,0.1,0.6,6.8,2.6,0.3,3.8,1.5,0.3,0.8,0.7,0.2,1.6,0.3,1.9,1.2,0.6,-0.3,0.51
2016,Caris,LeVert,1627747,Regular Season,57,21.0,7.3,1.6,0.1,0.7,6.1,2.7,0.4,2.9,0.9,0.3,1.4,1.0,0.3,2.5,0.4,2.9,1.4,0.9,-2.0,0.54
2016,Willy,Hernangomez,1626195,Regular Season,67,17.7,7.2,1.3,0.4,0.5,5.9,3.0,0.4,0.2,0.1,0.0,1.5,1.1,0.3,4.1,2.2,6.2,1.9,1.2,-1.3,0.54
2016,Willie,Cauley-Stein,1626161,Regular Season,72,18.2,7.2,0.9,0.6,0.7,5.7,3.0,0.4,0.0,0.0,0.0,1.8,1.2,0.4,3.0,1.1,4.1,1.9,0.8,-2.7,0.55
2016,Troy,Daniels,203584,Regular Season,72,17.0,7.2,0.6,0.1,0.2,6.3,2.4,0.3,4.5,1.8,0.3,0.8,0.6,0.2,1.0,0.3,1.3,1.2,0.6,0.9,0.54
2016,Spencer,Dinwiddie,203915,Regular Season,54,22.1,7.1,3.1,0.4,0.7,5.1,2.2,0.4,1.7,0.6,0.3,2.6,2.0,0.6,2.3,0.5,2.8,2.0,1.1,-2.5,0.56
2016,Rajon,Rondo,200765,Regular Season,71,26.1,7.1,6.0,0.1,1.3,7.4,3.0,0.3,1.7,0.7,0.3,0.7,0.4,0.2,3.6,0.9,4.5,1.8,2.1,-0.8,0.46
2016,Garrett,Temple,202066,Regular Season,63,25.8,7.1,2.4,0.4,1.2,6.2,2.6,0.3,3.2,1.1,0.3,1.0,0.8,0.4,2.3,0.5,2.7,2.0,1.0,-2.8,0.53
2016,Brandon,Jennings,201943,Regular Season,69,21.6,7.1,4.6,0.1,0.8,6.5,2.3,0.3,3.0,1.0,0.2,2.0,1.5,0.4,2.1,0.3,2.4,1.3,1.6,-1.9,0.48
2016,Nene,Hilario,2403,Regular Season,76,17.2,7.1,0.8,0.4,0.7,4.8,2.9,0.5,0.1,0.0,0.0,2.2,1.2,0.3,2.2,1.1,3.3,1.9,0.9,2.5,0.61
2016,David,Lee,101135,Regular Season,74,18.1,7.1,1.5,0.5,0.4,5.1,3.0,0.6,0.0,0.0,0.0,1.4,1.0,0.4,3.6,1.8,5.4,1.5,1.0,3.9,0.62
2016,Joe,Ingles,204060,Regular Season,76,23.6,7.1,2.8,0.1,1.2,5.6,2.5,0.4,3.4,1.5,0.4,0.8,0.6,0.3,3.1,0.3,3.3,2.0,1.3,1.8,0.59
2016,Luol,Deng,2736,Regular Season,56,26.0,7.1,1.1,0.4,0.8,7.0,2.7,0.3,2.7,0.8,0.2,1.1,0.8,0.2,3.6,1.0,4.6,1.0,0.7,-3.1,0.47
2016,Manu,Ginobili,1938,Regular Season,66,18.2,7.1,2.4,0.2,1.0,5.9,2.4,0.3,3.0,1.2,0.4,1.4,1.1,0.4,1.7,0.3,2.1,1.5,1.3,3.3,0.54
2016,Vince,Carter,1713,Regular Season,74,23.7,7.0,1.7,0.4,0.7,5.8,2.3,0.3,3.5,1.3,0.3,1.4,1.1,0.4,2.4,0.5,2.9,2.0,0.7,1.9,0.54
2016,Iman,Shumpert,202697,Regular Season,72,24.9,7.0,1.4,0.3,0.8,5.9,2.4,0.4,3.3,1.2,0.3,1.1,0.9,0.3,2.2,0.5,2.7,1.9,1.0,1.1,0.54
2016,Isaiah,Whitehead,1627785,Regular Season,72,21.9,7.0,2.4,0.5,0.5,6.6,2.7,0.4,1.9,0.6,0.2,1.4,1.1,0.4,1.9,0.4,2.3,2.3,1.8,-2.0,0.48
2016,Matthew,Dellavedova,203521,Regular Season,73,25.5,6.9,4.4,0.0,0.7,6.5,2.5,0.3,2.7,1.0,0.3,1.1,0.9,0.4,1.5,0.3,1.8,1.9,1.7,-1.3,0.49
2016,Shawn,Long,1627848,Regular Season,19,12.3,6.8,0.6,0.5,0.5,5.2,2.8,0.4,1.0,0.4,0.2,1.6,0.9,0.3,2.3,1.9,4.2,2.4,0.6,1.4,0.57
2016,T.J.,McConnell,204456,Regular Season,73,25.8,6.8,6.7,0.1,1.7,6.3,2.9,0.5,0.7,0.1,0.1,1.2,0.9,0.3,2.6,0.5,3.1,1.7,2.0,-3.6,0.49
2016,Solomon,Hill,203524,Regular Season,76,29.1,6.8,1.7,0.4,0.9,5.8,2.2,0.3,3.3,1.1,0.3,1.6,1.3,0.4,3.1,0.7,3.8,2.2,1.0,-0.3,0.52
2016,Larry,Nance Jr.,1626204,Regular Season,59,22.4,6.7,1.5,0.6,1.3,5.4,2.8,0.5,0.5,0.1,0.1,1.2,0.9,0.3,3.7,1.8,5.5,2.3,0.8,-2.2,0.56
2016,Justin,Anderson,1626147,Regular Season,72,16.1,6.7,0.8,0.3,0.5,5.5,2.3,0.4,2.4,0.7,0.2,1.6,1.3,0.4,2.2,0.8,3.1,1.4,0.8,-2.8,0.54
2016,Montrezl,Harrell,1626149,Regular Season,75,18.5,6.7,0.8,0.6,0.3,4.4,2.9,0.5,0.1,0.0,0.0,1.5,1.0,0.3,1.8,1.0,2.8,1.5,0.5,1.9,0.66
2016,Al,Jefferson,2744,Regular Season,70,13.6,6.7,0.7,0.2,0.2,5.8,3.0,0.4,0.0,0.0,0.0,1.0,0.7,0.3,2.5,0.9,3.5,1.5,0.4,-1.4,0.53
2016,Sam,Dekker,1626155,Regular Season,71,18.1,6.7,1.0,0.3,0.5,5.6,2.7,0.5,2.4,0.8,0.3,0.9,0.5,0.2,2.6,1.2,3.8,1.1,0.5,1.3,0.56
2016,Kyle,O'Quinn,203124,Regular Season,67,15.3,6.7,1.5,1.4,0.5,5.5,2.9,0.5,0.2,0.0,0.0,1.0,0.8,0.3,3.6,2.1,5.7,2.2,1.0,-1.6,0.56
2016,Raymond,Felton,101109,Regular Season,78,20.9,6.6,2.3,0.3,0.8,6.4,2.7,0.4,1.8,0.6,0.2,0.8,0.6,0.2,2.3,0.4,2.7,1.5,1.0,-2.2,0.49
2016,Devin,Harris,2734,Regular Season,57,16.6,6.6,2.1,0.1,0.7,5.1,2.1,0.4,2.6,0.8,0.3,2.0,1.7,0.5,1.8,0.1,1.9,1.6,0.9,0.6,0.55
2016,P.J.,Tucker,200782,Regular Season,75,27.0,6.6,1.3,0.2,1.4,5.9,2.4,0.4,2.4,0.9,0.3,1.2,0.9,0.3,4.4,1.4,5.9,2.5,0.8,-1.0,0.51
2016,Arron,Afflalo,201167,Regular Season,66,25.2,6.6,0.9,0.1,0.3,5.4,2.4,0.3,1.9,0.8,0.3,1.1,1.0,0.4,1.5,0.1,1.6,1.3,0.5,-2.9,0.56
2016,Thabo,Sefolosha,200757,Regular Season,61,25.2,6.6,1.6,0.4,1.4,5.9,2.6,0.4,1.8,0.6,0.3,1.0,0.7,0.3,3.3,0.8,4.0,1.4,1.0,-0.9,0.52
2016,Josh,Richardson,1626196,Regular Season,73,30.0,6.5,1.6,0.4,0.7,6.1,2.4,0.2,2.8,1.0,0.2,0.9,0.7,0.3,1.6,0.4,2.0,1.6,0.8,0.4,0.5
2016,Sergio,Rodriguez,200771,Regular Season,73,22.0,6.4,4.3,0.1,0.6,6.5,2.5,0.3,3.1,1.1,0.3,0.3,0.2,0.1,1.7,0.3,2.0,1.2,1.6,-2.1,0.48
2016,Jaylen,Brown,1627759,Regular Season,75,16.2,6.4,0.8,0.2,0.4,5.3,2.4,0.4,1.7,0.6,0.2,1.5,1.0,0.4,2.2,0.5,2.7,1.8,0.8,-1.5,0.53
2016,Andre,Roberson,203460,Regular Season,77,29.4,6.3,0.9,1.0,1.2,5.6,2.6,0.4,2.3,0.6,0.2,1.3,0.6,0.2,3.8,1.2,4.9,2.5,0.6,1.2,0.51
2016,Matt,Barnes,2440,Regular Season,69,23.0,6.3,2.6,0.3,0.6,5.9,2.2,0.4,3.2,1.0,0.3,1.1,0.9,0.3,4.0,0.9,4.9,2.4,1.3,-1.2,0.49
2016,Jonathon,Simmons,203613,Regular Season,72,17.3,6.3,1.6,0.3,0.6,5.3,2.3,0.4,1.2,0.4,0.2,1.7,1.3,0.4,1.8,0.2,2.0,1.9,1.0,2.7,0.52
2016,Ben,McLemore,203463,Regular Season,69,19.6,6.3,0.7,0.1,0.4,5.5,2.3,0.3,2.2,0.8,0.2,1.2,0.9,0.3,1.5,0.2,1.7,1.4,0.8,-1.7,0.52
2016,Rodney,Stuckey,201155,Regular Season,40,17.6,6.3,1.8,0.0,0.4,5.4,2.0,0.3,1.2,0.4,0.2,2.4,1.8,0.5,1.6,0.1,1.7,1.0,1.1,-1.2,0.48
2016,Amir,Johnson,101161,Regular Season,76,19.6,6.2,1.7,0.8,0.6,4.5,2.6,0.6,0.8,0.3,0.2,1.2,0.8,0.3,3.1,1.4,4.5,2.7,1.0,2.7,0.61
2016,Kelly,Oubre Jr.,1626162,Regular Season,72,19.8,6.2,0.5,0.2,0.8,5.6,2.3,0.4,2.3,0.6,0.2,1.3,1.0,0.4,2.6,0.8,3.3,2.4,0.6,-0.3,0.5
2016,Ramon,Sessions,201196,Regular Season,48,15.9,6.2,2.6,0.1,0.5,5.3,2.0,0.4,1.2,0.4,0.3,2.3,1.8,0.6,1.2,0.2,1.5,0.9,0.9,-1.5,0.48
2016,Rodney,McGruder,203585,Regular Season,73,24.9,6.0,1.5,0.2,0.5,5.6,2.3,0.4,2.7,0.9,0.3,0.8,0.6,0.2,2.0,1.2,3.2,1.7,0.7,0.0,0.5
2016,Zaza,Pachulia,2585,Regular Season,66,17.6,6.0,1.9,0.4,0.8,4.3,2.3,0.5,0.0,0.0,0.0,1.8,1.4,0.5,3.7,2.0,5.7,2.4,1.2,6.2,0.58
2016,Ivica,Zubac,1627826,Regular Season,43,15.9,6.0,0.7,0.6,0.3,4.9,2.7,0.4,0.1,0.0,0.0,1.0,0.7,0.3,2.6,0.9,3.4,1.4,0.6,-2.5,0.56
2016,Shelvin,Mack,202714,Regular Season,67,21.3,6.0,2.2,0.0,0.6,5.4,2.3,0.3,1.7,0.5,0.2,1.1,0.7,0.3,1.5,0.3,1.8,1.4,1.3,-0.4,0.51
2016,Bismack,Biyombo,202687,Regular Season,76,21.9,6.0,0.9,1.1,0.3,4.2,2.2,0.5,0.0,0.0,0.0,2.9,1.5,0.4,5.2,1.9,7.1,2.5,1.1,-4.3,0.54
2016,Dwight,Powell,203939,Regular Season,72,16.5,6.0,0.6,0.5,0.8,4.4,2.3,0.5,0.9,0.2,0.1,1.7,1.2,0.4,2.6,1.2,3.7,1.6,0.4,-2.2,0.58
2016,Luc,Mbah a Moute,201601,Regular Season,78,22.1,6.0,0.5,0.4,1.0,4.7,2.4,0.5,1.4,0.6,0.3,1.0,0.7,0.3,1.6,0.6,2.1,1.5,0.5,3.6,0.58
2016,Tyson,Chandler,2199,Regular Season,66,27.2,5.9,0.4,0.3,0.5,3.4,2.3,0.5,0.0,0.0,0.0,1.8,1.3,0.4,5.5,2.3,7.8,1.8,0.9,-1.2,0.69
2016,Glenn,Robinson III,203922,Regular Season,61,20.0,5.9,0.7,0.2,0.6,4.8,2.2,0.4,1.8,0.7,0.3,1.2,0.8,0.3,2.7,0.8,3.5,0.9,0.5,-0.3,0.55
2016,Ian,Clark,203546,Regular Season,76,14.0,5.9,1.1,0.1,0.4,5.1,2.4,0.4,2.0,0.7,0.3,0.6,0.5,0.2,1.2,0.3,1.4,0.9,0.7,0.1,0.55
2016,JaVale,McGee,201580,Regular Season,77,9.2,5.9,0.2,0.9,0.2,3.9,2.6,0.6,0.0,0.0,0.0,1.4,0.7,0.3,1.8,1.2,3.0,1.3,0.5,3.9,0.65
2016,Anthony,Tolliver,201229,Regular Season,69,22.4,5.9,1.0,0.3,0.3,4.4,2.0,0.3,2.9,1.2,0.3,1.1,0.8,0.2,2.3,0.7,3.0,1.3,0.7,-1.4,0.6
2016,Michael,Carter-Williams,203487,Regular Season,49,18.4,5.8,2.2,0.4,0.7,5.8,2.2,0.3,1.2,0.3,0.2,1.5,1.1,0.4,2.5,0.5,3.0,2.0,1.3,-0.7,0.45
2016,Domantas,Sabonis,1627734,Regular Season,78,19.6,5.8,1.0,0.4,0.5,5.8,2.3,0.4,1.9,0.6,0.3,0.8,0.5,0.2,2.9,0.6,3.5,2.4,1.0,0.2,0.47
2016,Alec,Burks,202692,Regular Season,43,15.1,5.8,0.7,0.1,0.3,5.2,2.0,0.3,1.6,0.5,0.2,1.6,1.2,0.4,2.2,0.3,2.6,1.0,0.6,0.0,0.49
2016,Tim,Frazier,204025,Regular Season,76,23.5,5.8,4.2,0.1,0.7,5.0,2.1,0.3,1.6,0.5,0.2,1.5,1.2,0.3,1.8,0.4,2.2,1.6,1.3,-1.1,0.51
2016,Kosta,Koufos,201585,Regular Season,72,19.5,5.7,0.6,0.6,0.4,4.7,2.6,0.5,0.0,0.0,0.0,0.8,0.5,0.2,3.5,1.4,4.9,2.1,0.8,-2.2,0.56
2016,Patrick,Patterson,202335,Regular Season,73,24.1,5.7,1.0,0.3,0.5,4.9,2.0,0.3,3.3,1.2,0.3,0.7,0.5,0.2,3.0,0.8,3.8,1.5,0.5,4.8,0.54
2016,Mirza,Teletovic,203141,Regular Season,73,16.0,5.6,0.5,0.2,0.2,5.2,2.0,0.3,3.8,1.3,0.2,0.5,0.4,0.2,1.9,0.2,2.0,1.3,0.5,0.8,0.51
2016,Dante,Exum,203957,Regular Season,70,18.4,5.6,1.5,0.2,0.3,4.8,2.1,0.4,1.9,0.6,0.3,0.9,0.7,0.3,1.3,0.4,1.7,2.0,1.1,-0.1,0.54
2016,Timofey,Mozgov,202389,Regular Season,66,19.6,5.5,0.6,0.4,0.2,4.4,2.3,0.4,0.0,0.0,0.0,1.2,0.9,0.3,2.3,1.4,3.7,1.8,1.0,-2.9,0.55
2016,Lance,Thomas,202498,Regular Season,43,20.9,5.5,0.8,0.1,0.4,4.9,1.9,0.4,1.8,0.8,0.3,1.1,0.9,0.3,2.4,0.7,3.0,1.7,0.5,-4.2,0.51
2016,Timothe,Luwawu-Cabarrot,1627789,Regular Season,72,16.5,5.5,0.9,0.1,0.4,4.4,1.8,0.3,1.9,0.6,0.2,1.6,1.3,0.4,1.5,0.3,1.8,1.9,0.9,-0.6,0.53
2016,Jonathan,Gibson,1626780,Regular Season,18,13.5,5.5,1.3,0.0,0.4,4.7,1.8,0.2,2.3,0.8,0.2,1.6,1.2,0.3,1.0,0.1,1.1,1.1,1.1,-4.8,0.5
2016,James,Ennis III,203516,Regular Season,73,23.5,5.5,0.8,0.3,0.6,4.2,1.9,0.3,1.8,0.7,0.2,1.5,1.1,0.4,2.4,0.9,3.3,2.1,0.8,1.1,0.56
2016,Trey,Lyles,1626168,Regular Season,76,15.8,5.5,0.8,0.2,0.3,5.4,2.0,0.3,2.5,0.8,0.2,1.0,0.8,0.3,2.3,0.6,2.9,1.2,0.8,0.0,0.47
2016,Jared,Dudley,201162,Regular Season,73,21.1,5.5,1.5,0.2,0.6,4.4,2.0,0.4,2.6,1.0,0.3,0.8,0.5,0.2,2.5,0.4,2.9,2.0,1.0,-0.8,0.58
2016,Brandan,Wright,201148,Regular Season,33,15.9,5.5,0.4,0.5,0.3,4.0,2.4,0.5,0.0,0.0,0.0,1.1,0.7,0.3,1.4,0.8,2.2,1.3,0.3,0.7,0.61
2016,Lance,Stephenson,202362,Regular Season,22,20.1,5.5,2.6,0.1,0.2,5.3,2.5,0.3,0.9,0.3,0.1,0.5,0.3,0.1,2.0,0.2,2.2,1.4,1.2,1.4,0.5
2016,Ian,Mahinmi,101133,Regular Season,28,17.4,5.5,0.6,0.8,1.1,3.5,2.1,0.5,0.0,0.0,0.0,2.5,1.4,0.4,3.2,1.4,4.7,2.8,1.1,1.1,0.59
2016,Alex,Abrines,203518,Regular Season,73,14.8,5.4,0.5,0.1,0.5,4.5,1.8,0.3,3.3,1.3,0.3,0.6,0.6,0.2,0.9,0.2,1.1,1.5,0.4,-0.2,0.56
2016,David,Nwaba,1628021,Regular Season,19,19.4,5.4,0.6,0.3,0.6,3.7,2.1,0.5,0.3,0.1,0.1,1.8,1.1,0.3,2.2,0.8,3.1,1.6,0.5,-0.5,0.59
2016,Andrew,Harrison,1626150,Regular Season,72,19.8,5.4,2.5,0.3,0.6,4.4,1.5,0.3,1.9,0.6,0.3,2.4,1.9,0.5,1.4,0.3,1.7,2.3,1.0,-0.1,0.49
2016,Mike,Muscala,203488,Regular Season,69,16.9,5.4,1.2,0.5,0.4,4.3,2.1,0.4,1.4,0.6,0.3,0.8,0.6,0.2,2.0,1.1,3.1,1.1,0.7,-1.4,0.58
2016,Nemanja,Bjelica,202357,Regular Season,70,17.9,5.4,1.0,0.3,0.5,4.7,2.0,0.3,2.3,0.8,0.2,0.8,0.6,0.2,2.5,0.7,3.2,2.0,0.8,-0.0,0.53
2016,Skal,Labissiere,1627746,Regular Season,50,18.9,5.4,0.5,0.2,0.3,4.1,2.2,0.3,0.2,0.1,0.1,1.4,1.0,0.3,2.0,1.0,3.0,1.1,0.7,-0.6,0.57
2016,Tyler,Ulis,1627755,Regular Season,76,18.1,5.3,2.7,0.1,0.6,5.3,2.2,0.3,1.0,0.2,0.1,0.8,0.6,0.2,0.9,0.3,1.2,0.9,0.9,-2.1,0.47
2016,Jerami,Grant,203924,Regular Season,77,18.6,5.3,0.5,1.0,0.4,3.9,1.8,0.5,1.4,0.5,0.3,1.9,1.2,0.4,2.0,0.5,2.5,1.8,0.5,-2.1,0.55
2016,Mindaugas,Kuzminskas,1627851,Regular Season,68,14.6,5.3,0.9,0.1,0.4,4.6,1.9,0.3,2.1,0.6,0.2,1.0,0.8,0.3,1.0,0.6,1.6,0.9,0.6,-0.3,0.52
2016,Dewayne,Dedmon,203473,Regular Season,68,17.2,5.3,0.6,0.8,0.5,3.5,2.2,0.6,0.0,0.0,0.0,1.2,0.9,0.4,4.9,1.7,6.6,2.4,0.8,2.7,0.65
2016,Justin,Hamilton,203120,Regular Season,71,17.8,5.3,0.7,0.6,0.4,4.6,2.1,0.3,2.2,0.6,0.2,0.6,0.5,0.2,2.3,0.9,3.2,1.1,0.5,-3.5,0.54
2016,Leandro,Barbosa,2571,Regular Season,70,13.6,5.3,1.0,0.1,0.4,5.0,2.2,0.3,1.1,0.4,0.2,0.6,0.6,0.2,1.2,0.2,1.4,1.1,0.7,-1.1,0.5
2016,Richard,Jefferson,2210,Regular Season,73,19.7,5.3,1.0,0.1,0.3,4.0,1.8,0.4,2.2,0.8,0.3,1.2,0.9,0.3,2.1,0.3,2.5,1.8,0.6,2.2,0.58
2016,Bobby,Portis,1626171,Regular Season,76,14.8,5.3,0.4,0.1,0.2,4.6,2.2,0.3,1.2,0.4,0.1,0.7,0.5,0.2,2.7,0.9,3.7,1.1,0.4,-0.9,0.54
2016,Jason,Smith,201160,Regular Season,72,13.6,5.1,0.4,0.7,0.3,4.1,2.1,0.5,1.0,0.5,0.2,0.5,0.4,0.2,2.4,0.8,3.1,2.1,0.8,-0.6,0.59
2016,Tarik,Black,204028,Regular Season,67,15.8,5.1,0.5,0.6,0.4,3.9,2.0,0.4,0.0,0.0,0.0,1.4,1.0,0.4,2.6,2.0,4.6,2.4,0.8,-0.7,0.56
2016,Meyers,Leonard,203086,Regular Season,73,15.9,5.1,0.9,0.4,0.2,4.8,1.9,0.3,2.7,1.0,0.3,0.5,0.4,0.2,2.6,0.3,2.9,2.1,0.5,-0.3,0.51
2016,Terry,Rozier,1626179,Regular Season,77,16.7,5.1,1.6,0.1,0.6,5.0,1.9,0.3,2.2,0.7,0.2,0.8,0.6,0.2,2.3,0.5,2.8,0.9,0.6,-0.1,0.47
2016,Shaun,Livingston,2733,Regular Season,72,17.0,5.0,1.8,0.2,0.5,4.0,2.2,0.5,0.0,0.0,0.0,0.8,0.5,0.3,1.6,0.4,2.0,1.6,0.8,2.7,0.57
2016,Dante,Cunningham,201967,Regular Season,77,24.1,5.0,0.4,0.3,0.5,4.2,2.0,0.4,2.1,0.7,0.2,0.3,0.2,0.1,2.6,0.7,3.3,1.2,0.3,-0.5,0.58
2016,Troy,Williams,1627786,Regular Season,38,18.1,4.9,0.7,0.2,0.7,4.3,1.9,0.3,1.6,0.5,0.1,0.8,0.6,0.2,1.3,0.4,1.7,1.5,0.8,-1.9,0.52
2016,Willie,Reed,203186,Regular Season,73,14.3,4.9,0.3,0.6,0.2,3.6,2.1,0.5,0.1,0.0,0.0,1.2,0.7,0.2,2.5,1.6,4.2,1.7,0.4,0.0,0.59
2016,Malcolm,Delaney,1627098,Regular Season,74,16.4,4.9,2.4,0.0,0.5,4.7,1.8,0.3,1.4,0.3,0.1,1.2,1.0,0.4,1.3,0.1,1.5,1.4,1.1,-0.0,0.46
2016,Cameron,Payne,1626166,Regular Season,33,14.4,4.8,1.7,0.1,0.4,5.8,1.9,0.3,2.6,0.8,0.2,0.2,0.2,0.1,1.4,0.1,1.5,1.6,0.9,-2.1,0.41
2016,Hollis,Thompson,203138,Regular Season,41,18.2,4.8,0.8,0.1,0.4,4.5,1.8,0.3,2.2,0.8,0.3,0.7,0.5,0.2,2.1,0.4,2.6,1.6,0.3,-1.5,0.5
2016,Quincy,Acy,203112,Regular Season,41,14.4,4.8,0.4,0.3,0.3,3.7,1.5,0.3,2.0,0.8,0.3,1.3,1.0,0.4,2.1,0.4,2.5,1.5,0.4,-1.4,0.56
2016,Joakim,Noah,201149,Regular Season,45,22.0,4.8,2.0,0.8,0.6,4.1,2.1,0.4,0.0,0.0,0.0,1.5,0.7,0.3,4.7,3.2,7.9,2.6,1.2,-1.8,0.5
2016,Jerian,Grant,1626170,Regular Season,73,15.7,4.8,1.6,0.1,0.6,3.9,1.6,0.3,1.8,0.6,0.2,0.9,0.9,0.3,1.2,0.2,1.4,1.2,0.6,0.9,0.55
2016,Joffrey,Lauvergne,203530,Regular Season,77,13.7,4.8,0.9,0.1,0.3,4.3,1.9,0.4,1.3,0.4,0.2,0.9,0.6,0.2,2.3,0.9,3.2,1.1,0.7,-1.3,0.51
2016,Justise,Winslow,1626159,Regular Season,37,34.2,4.8,1.6,0.2,0.6,5.4,1.9,0.2,0.9,0.2,0.1,1.2,0.7,0.2,1.7,0.6,2.3,1.2,0.9,0.1,0.4
2016,David,West,2561,Regular Season,63,12.1,4.7,2.2,0.7,0.6,3.7,2.0,0.5,0.1,0.0,0.0,0.8,0.6,0.3,2.3,0.7,3.0,1.6,1.2,1.7,0.58
2016,Quinn,Cook,1626188,Regular Season,15,12.5,4.7,1.2,0.0,0.3,3.5,2.0,0.3,1.2,0.6,0.3,0.3,0.1,0.1,0.4,0.1,0.5,0.7,0.7,-1.9,0.65
2016,John,Henson,203089,Regular Season,69,18.6,4.6,0.7,1.0,0.4,3.7,1.8,0.3,0.0,0.0,0.0,1.3,0.9,0.3,2.5,1.2,3.7,1.9,0.7,-1.0,0.53
2016,Randy,Foye,200751,Regular Season,69,18.1,4.5,1.8,0.1,0.5,4.2,1.5,0.3,2.5,0.8,0.3,0.8,0.7,0.3,1.9,0.1,2.0,1.3,1.0,-3.6,0.49
2016,Corey,Brewer,201147,Regular Season,73,15.2,4.5,1.1,0.3,0.7,4.3,1.8,0.4,1.5,0.3,0.2,0.8,0.6,0.3,1.7,0.4,2.1,1.7,0.7,1.0,0.48
2016,Taurean,Prince,1627752,Regular Season,73,16.4,4.5,0.7,0.4,0.6,3.8,1.5,0.3,1.3,0.4,0.1,1.3,1.0,0.3,1.8,0.3,2.1,1.3,0.8,-0.0,0.51
2016,Aron,Baynes,203382,Regular Season,73,15.1,4.5,0.4,0.5,0.2,3.3,1.7,0.4,0.0,0.0,0.0,1.2,1.0,0.4,2.7,1.4,4.0,2.0,0.6,1.5,0.58
2016,Boris,Diaw,2564,Regular Season,72,16.9,4.4,2.2,0.1,0.2,4.2,1.9,0.4,1.0,0.3,0.1,0.5,0.4,0.1,1.5,0.6,2.0,1.1,1.2,0.0,0.5
2016,Toney,Douglas,201962,Regular Season,24,15.3,4.2,2.1,0.2,0.8,4.5,1.6,0.3,1.6,0.2,0.1,1.0,0.8,0.2,1.9,0.5,2.4,1.9,0.8,0.2,0.42
2016,Dorian,Finney-Smith,1627827,Regular Season,72,19.3,4.2,0.8,0.3,0.7,4.0,1.5,0.3,2.4,0.7,0.2,0.7,0.5,0.2,1.9,0.6,2.5,1.5,0.5,-1.4,0.48
2016,Archie,Goodwin,203462,Regular Season,23,13.2,4.2,1.0,0.2,0.1,2.6,1.3,0.3,0.6,0.2,0.2,1.7,1.3,0.3,0.8,0.3,1.1,0.3,0.6,-1.3,0.62
2016,Chandler,Parsons,202718,Regular Season,45,19.3,4.2,1.2,0.1,0.4,4.3,1.5,0.2,1.8,0.5,0.1,1.0,0.8,0.3,1.5,0.1,1.6,1.1,0.5,-0.5,0.44
2016,Spencer,Hawes,201150,Regular Season,74,14.7,4.2,1.0,0.4,0.2,3.5,1.7,0.3,1.0,0.3,0.1,0.6,0.5,0.2,1.9,0.5,2.4,1.0,0.6,-2.0,0.55
2016,Stanley,Johnson,1626169,Regular Season,73,16.7,4.1,1.2,0.3,0.7,4.4,1.6,0.3,1.8,0.5,0.2,0.7,0.4,0.2,1.9,0.5,2.4,1.5,0.9,0.1,0.43
2016,Luke,Babbitt,202337,Regular Season,73,15.6,4.1,0.5,0.1,0.3,3.5,1.4,0.3,2.6,1.1,0.3,0.2,0.1,0.1,1.6,0.2,1.8,1.5,0.3,-0.5,0.57
2016,Mike,Dunleavy,2399,Regular Season,62,15.1,4.1,0.8,0.1,0.2,3.3,1.4,0.3,2.0,0.8,0.3,0.7,0.6,0.2,1.5,0.3,1.8,1.0,0.4,-0.4,0.56
2016,Jordan,Farmar,200770,Regular Season,3,17.0,4.0,3.0,0.0,0.7,4.0,1.3,0.3,3.0,1.3,0.5,0.0,0.0,0.0,0.7,0.3,1.0,0.3,1.0,-0.3,0.5
2016,Cristiano,Felicio,1626245,Regular Season,72,15.4,4.0,0.6,0.2,0.3,2.8,1.7,0.5,0.0,0.0,0.0,1.1,0.7,0.3,2.4,1.5,4.0,1.4,0.4,-0.4,0.6
2016,Juancho,Hernangomez,1627823,Regular Season,73,13.3,4.0,0.3,0.2,0.4,2.8,1.3,0.3,1.4,0.6,0.2,1.0,0.7,0.3,1.9,0.5,2.4,0.7,0.4,0.0,0.61
2016,Derrick,Jones Jr.,1627884,Regular Season,36,17.1,3.9,0.3,0.3,0.3,2.9,1.6,0.4,0.3,0.1,0.0,0.9,0.6,0.2,1.0,1.0,2.0,1.6,0.3,0.9,0.59
2016,Davis,Bertans,202722,Regular Season,73,11.8,3.9,0.6,0.4,0.3,3.0,1.3,0.3,2.3,0.9,0.2,0.4,0.4,0.1,1.0,0.2,1.2,1.0,0.4,1.6,0.61
2016,Noah,Vonleh,203943,Regular Season,73,17.0,3.9,0.4,0.3,0.4,3.3,1.6,0.4,0.2,0.1,0.0,1.1,0.7,0.2,3.1,1.7,4.8,1.9,0.8,-1.0,0.51
2016,Patrick,McCaw,1627775,Regular Season,72,14.6,3.9,1.1,0.2,0.4,3.2,1.5,0.4,1.6,0.6,0.2,0.5,0.4,0.2,1.1,0.3,1.3,0.8,0.5,-0.1,0.57
2016,Aaron,Brooks,201166,Regular Season,70,12.9,3.9,1.4,0.1,0.3,3.7,1.5,0.3,1.6,0.6,0.2,0.5,0.4,0.2,0.6,0.2,0.8,1.2,0.8,-0.7,0.5
2016,Jonas,Jerebko,201973,Regular Season,75,15.7,3.8,0.9,0.2,0.3,3.3,1.5,0.4,1.6,0.6,0.3,0.5,0.3,0.2,2.7,0.7,3.4,1.5,0.5,1.1,0.54
2016,Marcus,Thornton,201977,Regular Season,47,17.3,3.8,0.7,0.1,0.4,3.8,1.4,0.2,1.5,0.4,0.1,0.5,0.5,0.2,0.9,0.4,1.3,0.8,0.4,-2.7,0.47
2016,Alan,Williams,1626210,Regular Season,76,14.5,3.8,0.3,0.4,0.3,3.1,1.5,0.2,0.0,0.0,0.0,1.2,0.7,0.2,2.4,1.0,3.4,1.4,0.5,-0.4,0.52
2016,Mario,Hezonja,1626209,Regular Season,76,13.9,3.8,0.7,0.2,0.3,3.9,1.4,0.3,1.7,0.5,0.2,0.6,0.5,0.2,1.5,0.2,1.8,0.9,0.7,-3.7,0.45
2016,Darrell,Arthur,201589,Regular Season,63,14.8,3.8,0.5,0.3,0.3,3.1,1.4,0.3,1.6,0.7,0.2,0.3,0.3,0.1,1.3,0.3,1.6,1.0,0.5,-0.3,0.59
2016,Trey,Burke,203504,Regular Season,71,11.8,3.7,1.2,0.1,0.1,3.2,1.5,0.3,0.8,0.4,0.1,0.4,0.3,0.1,0.5,0.1,0.6,0.7,0.6,-1.8,0.55
2016,Jason,Terry,1891,Regular Season,70,17.9,3.7,1.3,0.2,0.5,3.0,1.3,0.4,2.2,0.9,0.3,0.4,0.3,0.2,1.2,0.2,1.4,1.2,0.5,1.2,0.58
2016,C.J.,Watson,201228,Regular Season,73,15.9,3.6,1.4,0.0,0.5,3.2,1.2,0.2,1.3,0.4,0.2,0.8,0.7,0.2,0.9,0.2,1.2,1.1,0.5,-2.1,0.5
2016,Wayne,Selden,1627782,Regular Season,16,15.3,3.6,0.7,0.1,0.4,3.2,1.2,0.2,1.8,0.4,0.1,1.1,0.7,0.2,0.9,0.0,0.9,0.9,0.6,-3.3,0.48
2016,Anthony,Morrow,201627,Regular Season,71,13.9,3.6,0.4,0.0,0.3,3.4,1.3,0.2,1.8,0.5,0.2,0.5,0.5,0.2,0.2,0.2,0.4,0.6,0.1,0.2,0.49
2016,Denzel,Valentine,1627756,Regular Season,72,16.3,3.6,0.8,0.1,0.4,3.6,1.3,0.2,2.6,0.9,0.2,0.2,0.2,0.1,1.7,0.1,1.8,1.1,0.7,-0.6,0.49
2016,Omri,Casspi,201956,Regular Season,44,16.8,3.6,0.6,0.0,0.5,3.1,1.5,0.3,0.8,0.3,0.1,0.5,0.4,0.2,1.7,0.6,2.2,1.0,0.5,-2.6,0.54
2016,Paul,Zipser,1627835,Regular Season,67,18.8,3.5,0.5,0.2,0.2,3.3,1.3,0.2,1.5,0.5,0.1,0.6,0.4,0.2,1.6,0.2,1.8,1.1,0.6,0.2,0.49
2016,Kris,Dunn,1627739,Regular Season,72,16.3,3.5,2.2,0.4,0.9,3.8,1.4,0.3,0.8,0.2,0.2,0.8,0.5,0.2,1.6,0.3,1.9,2.1,1.1,-1.8,0.42
2016,Brandon,Bass,101138,Regular Season,78,10.7,3.5,0.3,0.1,0.2,2.3,1.3,0.3,0.0,0.0,0.0,1.1,0.9,0.3,1.0,0.5,1.6,0.5,0.4,-1.9,0.62
2016,Delon,Wright,1626153,Regular Season,39,15.8,3.4,1.3,0.2,0.6,2.6,1.1,0.2,0.7,0.2,0.1,1.2,0.9,0.3,0.7,0.4,1.2,0.7,0.6,2.4,0.54
2016,Gary,Payton II,1627780,Regular Season,5,12.6,3.4,1.6,0.4,0.6,3.6,1.4,0.4,1.4,0.2,0.1,0.6,0.4,0.1,1.0,0.0,1.0,1.2,1.4,-8.0,0.44
2016,Georgios,Papagiannis,1627834,Regular Season,34,16.2,3.4,0.5,0.5,0.1,2.8,1.5,0.3,0.1,0.0,0.0,0.4,0.4,0.2,1.7,0.7,2.4,1.2,0.7,0.1,0.57
2016,Reggie,Bullock,203493,Regular Season,41,14.6,3.3,0.7,0.0,0.4,2.8,1.2,0.2,1.7,0.7,0.2,0.1,0.1,0.1,1.1,0.3,1.4,0.4,0.2,1.6,0.58
2016,Derrick,Williams,202682,Regular Season,71,14.5,3.3,0.3,0.1,0.2,2.6,1.2,0.2,1.1,0.3,0.1,1.0,0.6,0.2,1.1,0.2,1.3,0.6,0.2,0.1,0.54
2016,Lucas,Nogueira,203512,Regular Season,75,18.8,3.3,0.5,1.2,0.6,2.0,1.3,0.4,0.2,0.0,0.0,0.9,0.6,0.2,2.1,1.1,3.2,1.8,0.6,1.8,0.68
2016,Thomas,Robinson,203080,Regular Season,65,10.9,3.2,0.4,0.1,0.3,2.6,1.4,0.3,0.0,0.0,0.0,0.8,0.4,0.1,1.8,1.1,3.0,1.0,0.6,-1.2,0.54
2016,Kris,Humphries,2743,Regular Season,74,12.1,3.2,0.4,0.2,0.2,2.6,1.1,0.2,0.7,0.3,0.2,1.1,0.8,0.3,1.9,0.7,2.6,0.9,0.3,-0.8,0.51
2016,Jarell,Martin,1626185,Regular Season,49,12.9,3.2,0.2,0.1,0.3,2.9,1.1,0.3,0.5,0.2,0.1,1.0,0.8,0.4,2.2,0.8,3.1,1.7,0.5,-1.0,0.47
2016,Chasson,Randle,1626184,Regular Season,35,10.6,3.2,0.9,0.1,0.2,2.3,0.9,0.2,1.1,0.4,0.1,0.9,0.9,0.3,0.6,0.1,0.8,0.9,0.5,0.2,0.59
2016,Donatas,Motiejunas,202700,Regular Season,40,13.2,3.1,0.6,0.2,0.4,2.8,1.2,0.2,0.9,0.2,0.1,1.0,0.4,0.2,1.6,0.5,2.1,1.2,0.6,-2.6,0.47
2016,Roy,Hibbert,201579,Regular Season,67,13.8,3.1,0.3,0.7,0.1,2.1,1.2,0.3,0.0,0.0,0.0,1.0,0.8,0.3,1.4,0.8,2.2,1.4,0.5,-0.1,0.6
2016,Anthony,Brown,1626148,Regular Season,14,13.9,3.1,0.6,0.1,0.4,3.6,1.3,0.3,1.9,0.5,0.2,0.0,0.0,0.0,1.8,0.6,2.4,1.1,0.4,0.3,0.43
2016,Pascal,Siakam,1627783,Regular Season,71,15.6,3.0,0.2,0.6,0.3,2.7,1.4,0.3,0.1,0.0,0.0,0.5,0.3,0.1,1.6,0.9,2.5,1.5,0.5,-0.5,0.51
2016,Ron,Baker,1627758,Regular Season,65,15.9,3.0,1.4,0.1,0.5,3.0,1.1,0.2,1.2,0.3,0.1,0.6,0.4,0.1,1.2,0.2,1.3,1.0,0.8,-1.1,0.46
2016,Gerald,Green,101123,Regular Season,70,10.5,3.0,0.3,0.1,0.1,2.7,1.1,0.2,1.3,0.4,0.1,0.5,0.4,0.1,0.8,0.2,1.0,0.6,0.3,0.0,0.51
2016,Kevin,Seraphin,202338,Regular Season,67,11.1,3.0,0.3,0.3,0.1,2.6,1.4,0.3,0.0,0.0,0.0,0.3,0.1,0.1,1.3,0.5,1.8,0.9,0.4,-1.1,0.55
2016,Pierre,Jackson,203510,Regular Season,11,9.9,3.0,1.7,0.0,0.2,3.5,1.2,0.2,1.0,0.3,0.2,0.5,0.4,0.3,0.7,0.1,0.8,0.4,0.3,4.5,0.4
2016,Kyle,Anderson,203937,Regular Season,73,14.2,3.0,1.1,0.3,0.7,2.6,1.1,0.3,0.5,0.2,0.1,0.7,0.5,0.2,2.2,0.4,2.6,0.8,0.5,2.3,0.51
2016,Elijah,Millsap,202407,Regular Season,1,11.0,3.0,0.0,0.0,0.0,2.0,1.0,0.5,0.0,0.0,0.0,2.0,1.0,0.5,1.0,3.0,4.0,0.0,1.0,0.0,0.51
2016,Beno,Udrih,2757,Regular Season,72,14.6,2.9,1.6,0.0,0.1,2.5,1.2,0.2,0.4,0.2,0.1,0.4,0.4,0.2,0.7,0.1,0.8,0.4,0.4,0.8,0.54
2016,Josh,McRoberts,201177,Regular Season,33,17.4,2.9,1.3,0.1,0.2,3.0,1.2,0.3,0.8,0.3,0.1,0.3,0.2,0.1,1.2,0.6,1.8,0.7,0.6,-1.9,0.46
2016,Anthony,Bennett,203461,Regular Season,32,10.6,2.9,0.3,0.1,0.2,2.3,0.9,0.2,1.3,0.4,0.1,0.9,0.7,0.3,1.3,0.6,1.9,0.4,0.3,-2.1,0.53
2016,Jordan,McRae,203895,Regular Season,52,10.4,2.9,0.3,0.1,0.2,2.8,1.1,0.2,0.9,0.3,0.2,0.6,0.5,0.2,0.7,0.1,0.8,0.6,0.2,-0.9,0.47
2016,Tyler,Ennis,203898,Regular Season,72,10.1,2.8,1.1,0.0,0.3,2.7,1.1,0.2,0.8,0.3,0.1,0.3,0.2,0.1,0.5,0.1,0.6,0.7,0.6,-0.3,0.49
2016,Dejounte,Murray,1627749,Regular Season,47,8.4,2.8,0.9,0.1,0.1,2.4,1.1,0.2,0.5,0.2,0.1,0.6,0.4,0.1,0.8,0.1,0.9,0.6,0.7,0.3,0.52
2016,Dragan,Bender,1627733,Regular Season,48,12.4,2.8,0.4,0.4,0.2,3.1,1.1,0.2,1.9,0.6,0.2,0.2,0.1,0.0,1.5,0.4,2.0,1.4,0.6,-0.3,0.44
2016,Nicolas,Laprovittola,1627879,Regular Season,22,9.2,2.7,1.3,0.0,0.2,2.1,0.9,0.2,1.2,0.5,0.2,0.4,0.4,0.2,0.4,0.0,0.5,0.9,0.9,-2.0,0.59
2016,Wade,Baldwin IV,1627735,Regular Season,36,12.7,2.7,1.6,0.2,0.5,3.1,0.9,0.2,0.6,0.1,0.0,0.9,0.8,0.2,0.9,0.3,1.2,1.1,0.9,-3.6,0.38
2016,Shabazz,Napier,203894,Regular Season,73,8.7,2.7,0.8,0.0,0.4,2.2,0.9,0.2,1.1,0.4,0.2,0.6,0.5,0.2,0.6,0.1,0.7,0.5,0.5,-0.1,0.54
2016,Edy,Tavares,204002,Regular Season,3,13.5,2.7,0.3,2.0,0.0,1.7,1.3,0.6,0.0,0.0,0.0,1.0,0.0,0.0,2.3,1.3,3.7,1.0,0.7,3.3,0.62
2016,Luis,Scola,2449,Regular Season,51,12.5,2.7,0.6,0.1,0.3,2.4,1.0,0.2,0.9,0.3,0.1,0.5,0.4,0.1,1.5,0.8,2.3,1.0,0.6,-1.3,0.51
2016,Ed,Davis,202334,Regular Season,59,16.8,2.7,0.3,0.3,0.2,1.9,1.0,0.3,0.0,0.0,0.0,1.1,0.7,0.2,2.0,1.4,3.4,1.9,0.5,-1.8,0.56
2016,Kay,Felder,1627770,Regular Season,52,8.6,2.7,1.0,0.1,0.3,2.5,1.0,0.2,0.3,0.1,0.1,0.8,0.5,0.1,0.6,0.1,0.7,0.6,0.5,-0.4,0.47
2016,Axel,Toupane,1626253,Regular Season,3,8.3,2.7,0.0,0.0,0.3,1.7,1.3,0.3,0.3,0.0,0.0,0.0,0.0,0.0,0.3,0.0,0.3,1.7,0.0,1.0,0.79
2016,Isaiah,Canaan,203477,Regular Season,66,14.5,2.6,0.5,0.0,0.3,2.5,0.9,0.1,1.4,0.4,0.1,0.5,0.4,0.2,0.6,0.1,0.7,0.5,0.3,-1.2,0.47
2016,Brandon,Rush,201575,Regular Season,68,21.0,2.6,0.6,0.3,0.3,2.4,0.9,0.2,1.5,0.6,0.2,0.2,0.2,0.1,1.1,0.2,1.3,0.5,0.4,-0.2,0.52
2016,Salah,Mejri,1626257,Regular Season,71,12.1,2.6,0.2,0.8,0.4,1.7,1.1,0.4,0.0,0.0,0.0,0.8,0.5,0.2,2.6,1.2,3.8,1.9,0.5,-0.5,0.63
2016,Wesley,Johnson,202325,Regular Season,74,11.6,2.5,0.3,0.4,0.4,2.6,1.0,0.3,1.6,0.4,0.2,0.2,0.1,0.1,2.0,0.3,2.4,1.1,0.2,-0.9,0.46
2016,Thon,Maker,1627748,Regular Season,73,8.9,2.5,0.3,0.3,0.1,2.1,0.9,0.3,0.8,0.3,0.2,0.6,0.4,0.2,1.0,0.5,1.4,1.1,0.2,-0.5,0.52
2016,Alexis,Ajinca,201582,Regular Season,76,14.3,2.5,0.1,0.3,0.2,2.2,1.1,0.2,0.1,0.0,0.0,0.4,0.3,0.2,1.6,0.6,2.2,1.0,0.4,-0.8,0.52
2016,Tyler,Zeller,203092,Regular Season,66,9.5,2.5,0.6,0.3,0.1,2.2,1.1,0.3,0.0,0.0,0.0,0.6,0.3,0.1,1.1,0.6,1.7,0.8,0.3,0.0,0.5
2016,KJ,McDaniels,203909,Regular Season,77,9.5,2.5,0.2,0.2,0.2,2.1,0.9,0.2,0.8,0.2,0.1,0.5,0.4,0.2,0.8,0.2,1.0,0.6,0.4,-0.5,0.53
2016,Semaj,Christon,203902,Regular Season,69,14.7,2.5,1.7,0.1,0.4,3.0,1.0,0.3,0.9,0.2,0.1,0.4,0.2,0.1,0.9,0.3,1.2,1.1,0.6,-1.8,0.39
2016,Lavoy,Allen,202730,Regular Season,66,14.0,2.5,0.8,0.3,0.3,2.3,1.1,0.3,0.0,0.0,0.0,0.5,0.3,0.2,1.6,1.4,3.0,1.1,0.4,-1.7,0.49
2016,Tyus,Jones,1626145,Regular Season,72,12.3,2.5,1.7,0.0,0.5,2.1,0.9,0.3,0.9,0.3,0.1,0.5,0.4,0.2,0.7,0.1,0.8,0.6,0.4,0.4,0.53
2016,Justin,Harper,202712,Regular Season,5,12.5,2.4,0.4,0.0,0.0,2.2,1.0,0.3,1.2,0.4,0.2,0.0,0.0,0.0,0.4,0.4,0.8,0.4,0.6,-1.0,0.55
2016,Jared,Sullinger,203096,Regular Season,16,10.1,2.3,0.2,0.1,0.2,2.9,0.9,0.1,1.1,0.2,0.1,0.5,0.2,0.1,1.1,0.6,1.7,1.1,0.2,-1.8,0.37
2016,James Michael,McAdoo,203949,Regular Season,59,8.0,2.3,0.2,0.4,0.3,1.7,0.9,0.4,0.1,0.0,0.0,0.6,0.3,0.1,0.9,0.5,1.4,0.7,0.3,-0.1,0.58
2016,Okaro,White,1627855,Regular Season,36,12.2,2.3,0.4,0.2,0.3,1.9,0.8,0.3,0.8,0.3,0.2,0.6,0.5,0.2,1.3,0.5,1.8,1.2,0.3,1.6,0.53
2016,Norris,Cole,202708,Regular Season,21,9.8,2.3,0.6,0.0,0.4,2.5,0.8,0.2,0.6,0.2,0.1,0.5,0.5,0.2,0.5,0.0,0.5,0.8,0.2,-0.5,0.42
2016,Jarell,Eddie,204067,Regular Season,11,12.0,2.2,0.0,0.0,0.1,1.7,0.5,0.1,1.5,0.4,0.0,0.8,0.7,0.2,0.5,0.1,0.6,0.1,0.1,-0.5,0.53
2016,Jose,Calderon,101181,Regular Season,65,12.8,2.2,1.3,0.0,0.2,2.1,0.8,0.2,1.0,0.3,0.1,0.2,0.2,0.1,0.9,0.2,1.1,0.6,0.6,-1.7,0.5
2016,Jarrod,Uthoff,1627784,Regular Season,13,10.5,2.2,0.6,0.3,0.1,2.3,0.9,0.3,0.5,0.1,0.1,0.3,0.2,0.1,0.8,0.2,1.0,0.4,0.2,-3.8,0.45
2016,Boban,Marjanovic,1626246,Regular Season,72,7.8,2.1,0.1,0.1,0.1,1.5,0.8,0.2,0.0,0.0,0.0,0.7,0.5,0.1,1.0,0.5,1.5,0.3,0.1,0.6,0.57
2016,Briante,Weber,1627362,Regular Season,28,10.0,2.1,0.7,0.0,0.4,2.0,0.9,0.3,0.4,0.0,0.0,0.6,0.4,0.1,0.6,0.2,0.9,0.5,0.2,-1.5,0.46
2016,Rashad,Vaughn,1626173,Regular Season,59,9.7,2.0,0.2,0.1,0.3,2.1,0.8,0.1,1.2,0.4,0.1,0.1,0.0,0.0,0.6,0.0,0.6,0.3,0.2,-1.0,0.47
2016,Bryn,Forbes,1627854,Regular Season,42,6.9,2.0,0.5,0.0,0.0,2.2,0.8,0.2,1.1,0.4,0.1,0.1,0.1,0.1,0.5,0.0,0.5,0.5,0.2,-1.4,0.44
2016,Jakob,Poeltl,1627751,Regular Season,77,11.1,1.9,0.2,0.2,0.2,1.4,0.8,0.3,0.0,0.0,0.0,0.7,0.4,0.1,1.1,0.9,1.9,1.3,0.3,0.4,0.55
2016,DeAndre,Liggins,202732,Regular Season,68,11.3,1.9,0.6,0.2,0.5,1.8,0.7,0.2,0.6,0.2,0.1,0.5,0.3,0.2,1.0,0.2,1.3,1.0,0.5,0.6,0.47
2016,Reggie,Williams,202130,Regular Season,14,12.7,1.9,0.3,0.0,0.2,1.6,0.6,0.1,0.8,0.4,0.1,0.5,0.4,0.2,0.3,0.1,0.4,0.1,0.0,-1.7,0.52
2016,Tomas,Satoransky,203107,Regular Season,72,12.1,1.9,1.1,0.1,0.3,1.9,0.7,0.3,0.5,0.1,0.1,0.4,0.3,0.1,0.6,0.3,0.9,0.8,0.4,0.2,0.45
2016,Malachi,Richardson,1627781,Regular Season,38,9.3,1.9,0.3,0.0,0.1,1.6,0.7,0.2,0.6,0.2,0.1,0.5,0.4,0.2,0.5,0.1,0.6,0.5,0.2,-0.4,0.52
2016,Kevon,Looney,1626172,Regular Season,72,7.9,1.8,0.4,0.2,0.2,1.3,0.7,0.3,0.1,0.0,0.0,0.5,0.3,0.1,1.0,0.5,1.6,0.8,0.2,0.1,0.59
2016,Andrew,Bogut,101106,Regular Season,35,22.2,1.8,1.3,0.6,0.3,1.9,0.9,0.3,0.0,0.0,0.0,0.3,0.1,0.0,3.9,1.3,5.3,2.0,1.1,-1.1,0.44
2016,Nicolas,Brussino,1627852,Regular Season,70,9.3,1.7,0.5,0.1,0.2,1.7,0.6,0.1,1.1,0.3,0.1,0.3,0.2,0.1,0.8,0.4,1.1,0.5,0.3,-1.7,0.46
2016,Darrun,Hilliard,1626199,Regular Season,69,9.1,1.7,0.4,0.0,0.1,1.6,0.6,0.2,0.6,0.2,0.1,0.3,0.3,0.1,0.4,0.0,0.4,0.5,0.4,0.2,0.49
2016,Jeff,Withey,203481,Regular Season,76,7.5,1.7,0.1,0.4,0.2,1.3,0.6,0.2,0.0,0.0,0.0,0.6,0.4,0.2,0.8,0.6,1.4,0.6,0.1,-0.4,0.54
2016,Brian,Roberts,203148,Regular Season,76,9.8,1.7,0.6,0.0,0.1,1.5,0.6,0.2,0.5,0.2,0.1,0.5,0.4,0.1,0.4,0.1,0.5,0.2,0.3,-0.9,0.49
2016,James,Jones,2592,Regular Season,73,6.9,1.7,0.1,0.1,0.1,1.1,0.6,0.2,0.8,0.4,0.2,0.2,0.2,0.1,0.4,0.0,0.4,0.4,0.1,-0.8,0.71
2016,Sheldon,Mac,1627815,Regular Season,56,9.4,1.6,0.2,0.0,0.1,1.3,0.5,0.1,0.5,0.1,0.1,0.5,0.4,0.1,0.5,0.1,0.6,0.3,0.1,-0.8,0.52
2016,Miles,Plumlee,203101,Regular Season,62,10.1,1.6,0.3,0.2,0.2,1.4,0.6,0.2,0.0,0.0,0.0,0.5,0.3,0.1,0.9,0.6,1.5,1.1,0.5,-1.2,0.49
2016,Josh,Huestis,203962,Regular Season,9,15.0,1.6,0.3,0.3,0.0,1.2,0.7,0.1,0.4,0.2,0.1,0.1,0.0,0.0,0.6,0.4,1.0,0.0,0.0,0.3,0.64
2016,Malik,Beasley,1627736,Regular Season,49,7.7,1.6,0.2,0.0,0.1,1.4,0.6,0.1,0.6,0.2,0.1,0.2,0.2,0.1,0.2,0.1,0.3,0.2,0.2,1.3,0.54
2016,Tiago,Splitter,201168,Regular Season,21,9.1,1.6,0.1,0.0,0.0,1.3,0.6,0.2,0.2,0.1,0.1,0.3,0.2,0.1,0.7,0.3,1.0,0.3,0.3,-0.2,0.55
2016,Raul,Neto,203526,Regular Season,65,8.3,1.5,0.5,0.1,0.3,1.4,0.6,0.2,0.5,0.2,0.1,0.1,0.1,0.1,0.4,0.1,0.5,0.7,0.2,1.3,0.52
2016,Fred,VanVleet,1627832,Regular Season,69,7.6,1.5,0.5,0.0,0.2,1.5,0.5,0.1,0.4,0.1,0.1,0.3,0.2,0.1,0.5,0.1,0.6,0.5,0.2,1.0,0.46
2016,Maurice,Ndour,1626254,Regular Season,42,9.9,1.5,0.2,0.1,0.2,1.5,0.6,0.2,0.1,0.0,0.0,0.5,0.3,0.2,0.7,0.5,1.2,0.5,0.2,0.3,0.43
2016,Cheick,Diallo,1627767,Regular Season,47,11.1,1.4,0.1,0.1,0.1,1.3,0.6,0.1,0.0,0.0,0.0,0.4,0.3,0.1,0.8,0.4,1.2,0.3,0.1,-0.7,0.47
2016,Greivis,Vasquez,202349,Regular Season,5,12.3,1.4,1.0,0.2,0.2,1.6,0.4,0.1,0.6,0.2,0.2,0.6,0.4,0.1,0.4,0.0,0.4,1.2,0.2,-2.6,0.37
2016,Mike,Scott,203118,Regular Season,29,10.3,1.4,0.5,0.1,0.1,1.9,0.6,0.2,0.8,0.1,0.1,0.1,0.1,0.1,0.8,0.3,1.1,0.4,0.3,-1.7,0.36
2016,Johnny,O'Bryant III,203948,Regular Season,23,6.7,1.4,0.3,0.0,0.0,1.0,0.5,0.2,0.3,0.1,0.1,0.3,0.2,0.1,0.3,0.3,0.6,0.3,0.3,-0.9,0.61
2016,Marcus,Georges-Hunt,1627875,Regular Season,10,9.2,1.4,0.3,0.0,0.1,0.7,0.2,0.0,0.2,0.1,0.1,1.0,0.9,0.3,0.8,0.1,0.9,0.5,0.2,-2.5,0.6
2016,Cole,Aldrich,202332,Regular Season,72,8.3,1.3,0.3,0.3,0.3,1.1,0.5,0.3,0.0,0.0,0.0,0.3,0.2,0.1,1.4,0.7,2.0,1.1,0.2,-0.3,0.52
2016,Sasha,Vujacic,2756,Regular Season,69,8.3,1.3,0.5,0.0,0.1,1.4,0.4,0.1,0.7,0.2,0.1,0.3,0.2,0.1,0.4,0.1,0.6,0.4,0.2,-0.5,0.42
2016,Kyle,Singler,202713,Regular Season,64,11.4,1.3,0.1,0.1,0.1,1.2,0.5,0.2,0.5,0.1,0.1,0.2,0.2,0.1,0.6,0.1,0.7,0.4,0.2,0.0,0.5
2016,Andrew,Nicholson,203094,Regular Season,69,8.6,1.3,0.1,0.1,0.2,1.4,0.5,0.1,0.4,0.1,0.0,0.2,0.1,0.1,0.7,0.2,0.8,0.6,0.2,-1.7,0.43
2016,Henry,Ellenson,1627740,Regular Season,40,7.6,1.3,0.2,0.0,0.0,1.5,0.5,0.1,0.8,0.2,0.0,0.2,0.1,0.1,0.8,0.2,1.0,0.2,0.3,-0.1,0.41
2016,Rakeem,Christmas,1626176,Regular Season,39,6.9,1.3,0.1,0.2,0.1,0.9,0.4,0.2,0.0,0.0,0.0,0.7,0.5,0.2,0.7,0.6,1.3,0.9,0.2,-1.2,0.53
2016,Omer,Asik,201600,Regular Season,69,15.4,1.2,0.2,0.1,0.1,0.9,0.4,0.2,0.0,0.0,0.0,0.6,0.3,0.1,1.7,0.7,2.3,0.7,0.2,-0.8,0.51
2016,DeAndre',Bembry,1627761,Regular Season,67,9.0,1.2,0.4,0.1,0.1,1.3,0.6,0.2,0.2,0.0,0.0,0.2,0.1,0.0,0.6,0.2,0.7,0.2,0.2,-0.7,0.43
2016,Pat,Connaughton,1626192,Regular Season,73,7.7,1.2,0.3,0.0,0.1,0.9,0.4,0.1,0.4,0.2,0.1,0.1,0.1,0.1,0.6,0.1,0.7,0.3,0.2,-0.3,0.63
2016,Chris,Andersen,2365,Regular Season,24,8.9,1.2,0.2,0.3,0.2,0.9,0.4,0.2,0.1,0.0,0.0,0.6,0.4,0.2,0.9,0.4,1.3,0.8,0.2,0.3,0.51
2016,Jerryd,Bayless,201573,Regular Season,12,20.0,1.2,0.6,0.0,0.0,1.4,0.4,0.0,0.2,0.1,0.1,0.3,0.3,0.2,0.3,0.2,0.5,0.1,0.3,-2.3,0.39
2016,Jarrett,Jack,101127,Regular Season,5,16.0,1.2,1.0,0.0,0.4,0.6,0.4,0.1,0.2,0.0,0.0,0.4,0.4,0.2,0.0,0.0,0.0,0.8,0.6,-1.2,0.76
2016,Alan,Anderson,101187,Regular Season,78,9.8,1.1,0.1,0.0,0.0,1.0,0.4,0.1,0.6,0.2,0.1,0.2,0.2,0.1,0.3,0.0,0.3,0.4,0.1,-1.0,0.5
2016,Chris,McCullough,1626191,Regular Season,31,4.4,1.1,0.0,0.1,0.1,0.9,0.5,0.2,0.2,0.0,0.0,0.2,0.1,0.1,0.3,0.3,0.5,0.2,0.1,1.2,0.55
2016,Tim,Quarterman,1627817,Regular Season,29,4.5,1.1,0.4,0.1,0.1,1.0,0.4,0.2,0.4,0.2,0.1,0.1,0.0,0.0,0.3,0.1,0.5,0.2,0.4,0.0,0.53
2016,Deyonta,Davis,1627738,Regular Season,54,6.5,1.1,0.0,0.3,0.1,0.9,0.4,0.2,0.0,0.0,0.0,0.3,0.2,0.1,0.7,0.4,1.1,0.7,0.1,-0.7,0.53
2016,Manny,Harris,202412,Regular Season,7,5.8,1.1,0.3,0.0,0.0,2.1,0.4,0.1,0.3,0.0,0.0,0.6,0.3,0.1,0.9,0.4,1.3,0.1,0.3,-3.0,0.23
2016,James,Young,203923,Regular Season,62,7.4,1.0,0.1,0.0,0.1,0.8,0.4,0.1,0.5,0.2,0.1,0.1,0.1,0.0,0.3,0.1,0.3,0.2,0.0,-0.9,0.59
2016,Joe,Young,1626202,Regular Season,63,3.6,1.0,0.2,0.0,0.1,1.0,0.4,0.1,0.3,0.1,0.0,0.2,0.2,0.1,0.3,0.0,0.3,0.1,0.0,-0.8,0.46
2016,Bobby,Brown,201628,Regular Season,61,4.4,1.0,0.2,0.0,0.0,1.0,0.4,0.1,0.6,0.2,0.1,0.0,0.0,0.0,0.1,0.0,0.1,0.1,0.1,-0.6,0.5
2016,Lamar,Patterson,203934,Regular Season,9,7.6,1.0,0.7,0.0,0.1,1.7,0.3,0.1,0.7,0.1,0.0,0.3,0.2,0.1,0.7,0.1,0.8,0.7,0.4,1.4,0.27
2016,Marcelo,Huertas,1626273,Regular Season,49,9.8,0.9,1.0,0.0,0.2,1.1,0.3,0.1,0.3,0.0,0.0,0.3,0.2,0.1,0.4,0.0,0.4,0.3,0.3,-1.0,0.36
2016,AJ,Hammons,1627773,Regular Season,39,7.0,0.9,0.1,0.3,0.0,0.8,0.3,0.1,0.2,0.1,0.1,0.5,0.2,0.1,0.6,0.2,0.8,0.5,0.2,-0.4,0.43
2016,Paul,Pierce,1718,Regular Season,74,10.5,0.9,0.1,0.1,0.1,0.9,0.3,0.1,0.5,0.2,0.1,0.2,0.1,0.1,0.6,0.0,0.6,0.5,0.2,0.2,0.45
2016,Adreian,Payne,203940,Regular Season,66,7.4,0.9,0.1,0.1,0.1,0.8,0.3,0.1,0.2,0.0,0.0,0.3,0.2,0.1,0.3,0.1,0.5,0.4,0.1,-0.1,0.48
2016,Damian,Jones,1627745,Regular Season,17,6.8,0.9,0.0,0.2,0.1,0.6,0.4,0.2,0.0,0.0,0.0,0.5,0.2,0.1,0.7,0.4,1.1,0.7,0.4,-1.5,0.54
2016,Damjan,Rudez,204014,Regular Season,76,6.7,0.9,0.2,0.0,0.1,1.0,0.4,0.1,0.8,0.2,0.1,0.0,0.0,0.0,0.2,0.1,0.3,0.4,0.1,-0.9,0.45
2016,Chinanu,Onuaku,1627778,Regular Season,16,10.0,0.9,0.2,0.1,0.2,0.4,0.3,0.2,0.0,0.0,0.0,0.2,0.2,0.1,0.5,0.1,0.6,0.4,0.2,-2.8,0.91
2016,Marshall,Plumlee,1627850,Regular Season,41,6.8,0.8,0.2,0.1,0.1,0.5,0.3,0.1,0.0,0.0,0.0,0.3,0.1,0.1,0.5,0.4,0.9,0.4,0.3,0.2,0.62
2016,Joel,Anthony,201202,Regular Season,25,5.6,0.8,0.1,0.2,0.0,0.5,0.3,0.2,0.0,0.0,0.0,0.3,0.2,0.1,0.9,0.3,1.2,0.3,0.2,-0.6,0.62
2016,Jake,Layman,1627774,Regular Season,66,6.6,0.8,0.1,0.0,0.1,1.0,0.3,0.1,0.5,0.1,0.1,0.2,0.1,0.0,0.2,0.1,0.3,0.3,0.1,0.1,0.37
2016,Gary,Neal,202390,Regular Season,5,8.5,0.8,0.2,0.0,0.0,1.4,0.0,0.0,0.4,0.0,0.0,0.8,0.8,0.2,0.2,0.0,0.2,0.2,0.0,-1.0,0.22
2016,Brice,Johnson,1627744,Regular Season,6,2.5,0.7,0.2,0.2,0.3,1.0,0.3,0.1,0.0,0.0,0.0,0.0,0.0,0.0,0.2,0.0,0.2,0.0,0.0,-0.3,0.35
2016,Metta,World Peace,1897,Regular Season,46,5.0,0.7,0.2,0.0,0.1,0.9,0.2,0.0,0.5,0.1,0.0,0.3,0.2,0.1,0.2,0.1,0.3,0.4,0.1,-1.4,0.34
2016,Christian,Wood,1626174,Regular Season,51,7.8,0.7,0.0,0.1,0.1,0.5,0.2,0.1,0.1,0.0,0.0,0.3,0.2,0.1,0.3,0.3,0.6,0.2,0.1,0.4,0.54
2016,Treveon,Graham,1626203,Regular Season,76,6.6,0.7,0.1,0.0,0.1,0.5,0.2,0.1,0.2,0.1,0.1,0.2,0.1,0.0,0.2,0.1,0.3,0.2,0.0,-0.5,0.59
2016,Alonzo,Gee,202087,Regular Season,17,6.9,0.6,0.4,0.1,0.3,0.8,0.2,0.1,0.2,0.0,0.0,0.5,0.3,0.1,0.6,0.2,0.9,0.8,0.2,-1.1,0.29
2016,Ronnie,Price,101179,Regular Season,22,8.5,0.6,0.7,0.0,0.5,1.1,0.2,0.1,0.8,0.1,0.1,0.2,0.1,0.1,0.3,0.1,0.5,0.5,0.1,-1.2,0.25
2016,Stephen,Zimmerman,1627757,Regular Season,35,5.4,0.6,0.1,0.1,0.1,0.9,0.3,0.1,0.0,0.0,0.0,0.1,0.1,0.0,0.6,0.3,0.9,0.4,0.1,-1.1,0.32
2016,Diamond,Stone,1627754,Regular Season,16,2.7,0.6,0.0,0.1,0.0,0.8,0.2,0.1,0.0,0.0,0.0,0.2,0.2,0.1,0.3,0.1,0.4,0.3,0.1,-1.7,0.34
2016,Jordan,Mickey,1626175,Regular Season,49,4.8,0.6,0.1,0.1,0.1,0.6,0.2,0.1,0.0,0.0,0.0,0.3,0.2,0.1,0.3,0.3,0.6,0.2,0.2,-1.3,0.4
2016,Ryan,Kelly,203527,Regular Season,44,6.4,0.5,0.2,0.1,0.1,0.6,0.2,0.1,0.2,0.1,0.0,0.1,0.1,0.1,0.3,0.0,0.3,0.1,0.1,0.2,0.39
2016,Larry,Sanders,202336,Regular Season,8,2.0,0.5,0.0,0.1,0.1,0.5,0.1,0.1,0.0,0.0,0.0,0.2,0.2,0.1,0.1,0.4,0.5,0.6,0.2,-0.1,0.42
2016,Jarnell,Stokes,203950,Regular Season,6,2.5,0.5,0.3,0.0,0.2,0.2,0.2,0.2,0.0,0.0,0.0,0.3,0.2,0.1,0.2,0.2,0.3,0.5,0.0,0.0,0.73
2016,Anderson,Varejao,2760,Regular Season,35,6.2,0.5,0.3,0.1,0.1,0.3,0.1,0.1,0.0,0.0,0.0,0.3,0.2,0.1,0.4,0.3,0.7,0.4,0.2,-0.8,0.56
2016,Joel,Bolomboy,1627762,Regular Season,45,4.4,0.5,0.0,0.0,0.0,0.4,0.2,0.1,0.1,0.0,0.0,0.1,0.1,0.0,0.2,0.1,0.3,0.0,0.0,0.5,0.56
2016,Isaiah,Taylor,1627819,Regular Season,6,12.5,0.5,0.5,0.2,0.2,1.2,0.2,0.1,0.3,0.0,0.0,0.3,0.2,0.1,0.3,0.2,0.5,1.0,0.0,-3.2,0.19
2016,Daniel,Ochefu,1627849,Regular Season,60,3.2,0.4,0.0,0.0,0.0,0.4,0.2,0.1,0.0,0.0,0.0,0.0,0.0,0.0,0.2,0.1,0.3,0.2,0.0,-0.4,0.5
2016,Mike,Tobey,1627861,Regular Season,5,11.0,0.4,0.0,0.0,0.0,0.6,0.2,0.1,0.0,0.0,0.0,0.0,0.0,0.0,0.2,0.4,0.6,0.4,0.0,-2.4,0.33
2016,Bruno,Caboclo,203998,Regular Season,36,4.6,0.4,0.1,0.0,0.1,0.4,0.2,0.0,0.2,0.1,0.0,0.0,0.0,0.0,0.1,0.1,0.3,0.1,0.1,0.0,0.5
2016,Georges,Niang,1627777,Regular Season,40,3.0,0.4,0.1,0.0,0.1,0.8,0.2,0.1,0.3,0.0,0.0,0.0,0.0,0.0,0.3,0.0,0.4,0.1,0.1,0.3,0.25
2016,Mike,Miller,2034,Regular Season,67,7.1,0.4,0.3,0.0,0.0,0.3,0.1,0.0,0.3,0.1,0.0,0.0,0.0,0.0,0.5,0.0,0.5,0.1,0.1,0.0,0.67
2016,John,Jenkins,203098,Regular Season,17,2.8,0.4,0.1,0.0,0.0,0.3,0.1,0.1,0.1,0.1,0.1,0.1,0.1,0.1,0.1,0.0,0.1,0.0,0.0,0.5,0.58
2016,Udonis,Haslem,2617,Regular Season,73,8.2,0.4,0.1,0.0,0.1,0.3,0.1,0.1,0.0,0.0,0.0,0.2,0.1,0.1,0.3,0.1,0.4,0.3,0.1,-0.8,0.51
2016,Nick,Collison,2555,Regular Season,78,5.8,0.4,0.2,0.0,0.0,0.3,0.2,0.1,0.0,0.0,0.0,0.1,0.1,0.0,0.3,0.1,0.4,0.2,0.1,-0.5,0.58
2016,Kyle,Wiltjer,1627787,Regular Season,41,2.6,0.3,0.0,0.0,0.1,0.3,0.1,0.1,0.3,0.1,0.1,0.0,0.0,0.0,0.1,0.1,0.2,0.1,0.1,-0.9,0.5
2016,C.J.,Wilcox,203912,Regular Season,63,4.6,0.3,0.2,0.0,0.0,0.4,0.1,0.0,0.2,0.0,0.0,0.0,0.0,0.0,0.1,0.1,0.2,0.1,0.1,-0.2,0.37
2016,Jordan,Hill,201941,Regular Season,72,6.1,0.2,0.0,0.0,0.0,0.2,0.1,0.0,0.0,0.0,0.0,0.0,0.0,0.0,0.1,0.1,0.2,0.1,0.1,0.2,0.5
2016,Michael,Gbinije,1627771,Regular Season,21,2.8,0.2,0.0,0.0,0.0,0.4,0.0,0.0,0.2,0.0,0.0,0.1,0.1,0.0,0.0,0.1,0.1,0.1,0.0,-0.2,0.22
2016,Steve,Novak,200779,Regular Season,22,2.0,0.2,0.0,0.0,0.0,0.3,0.1,0.1,0.3,0.0,0.0,0.0,0.0,0.0,0.1,0.0,0.1,0.0,0.0,0.0,0.33
2016,Aaron,Harrison,1626151,Regular Season,14,2.8,0.1,0.2,0.0,0.0,0.3,0.0,0.0,0.1,0.0,0.0,0.1,0.1,0.0,0.2,0.0,0.2,0.1,0.0,-0.4,0.14
2016,Arinze,Onuaku,202620,Regular Season,17,3.5,0.1,0.1,0.1,0.0,0.2,0.1,0.1,0.0,0.0,0.0,0.0,0.0,0.0,0.2,0.1,0.3,0.2,0.0,-0.5,0.25
2016,John,Lucas III,101249,Regular Season,14,1.8,0.1,0.1,0.0,0.1,0.3,0.1,0.0,0.1,0.0,0.0,0.0,0.0,0.0,0.0,0.0,0.0,0.0,0.0,0.9,0.17
2016,Demetrius,Jackson,1627743,Regular Season,27,1.0,0.1,0.0,0.0,0.0,0.0,0.0,0.0,0.0,0.0,0.0,0.1,0.0,0.0,0.0,0.0,0.0,0.0,0.0,-0.1,1.05
2016,Ray,McCallum,203492,Regular Season,6,,0.0,0.0,0.0,0.0,0.0,0.0,0.0,0.0,0.0,0.0,0.0,0.0,0.0,0.0,0.0,0.0,0.0,0.0,0.0,nan
2016,Danuel,House Jr.,1627863,Regular Season,3,0.0,0.0,0.0,0.0,0.0,0.0,0.0,0.0,0.0,0.0,0.0,0.0,0.0,0.0,0.3,0.0,0.3,0.0,0.0,0.0,nan
2016,RJ,Hunter,1626154,Regular Season,12,3.0,0.0,0.0,0.0,0.0,0.1,0.0,0.0,0.1,0.0,0.0,0.0,0.0,0.0,0.1,0.0,0.1,0.0,0.0,-0.4,0.0
2016,Patricio,Garino,1627868,Regular Season,5,8.2,0.0,0.0,0.0,0.0,1.4,0.0,0.0,1.0,0.0,0.0,0.0,0.0,0.0,1.2,0.2,1.4,0.8,0.6,-2.8,0.0
2016,Ben,Bentil,1627791,Regular Season,4,2.7,0.0,0.0,0.0,0.0,0.8,0.0,0.0,0.2,0.0,0.0,0.0,0.0,0.0,0.5,0.0,0.5,0.2,0.2,-3.0,0.0
